,Unnamed: 0,row_id,brand,model,sentiment,magnitude,Month,MonthNuMBER,Year
8,8,8,samsung,s9,-4.00000006,225,dec,12,2019
9,9,9,samsung,s9,-3.000000119,111.0000038,dec,12,2019
28,28,28,samsung,s9,-3.000000119,168.9999962,dec,12,2018
29,29,29,samsung,s9,0,155,dec,12,2018
30,30,30,samsung,s9,-2.00000003,190,dec,12,2018
31,31,31,samsung,s9,0,265,dec,12,2018
88,88,88,samsung,s9,-2.00000003,133.9999962,dec,12,2017
89,89,89,samsung,s9,-2.00000003,153.0000019,dec,12,2017
93,93,93,samsung,f41,-3.000000119,96.99999809,dec,12,2020
102,102,102,samsung,s20,-4.00000006,232.0000076,dec,12,2020
146,146,146,samsung,a42,-2.00000003,162.0000076,dec,12,2020
153,153,153,samsung,m51,-3.000000119,171.0000038,dec,12,2020
154,154,154,samsung,m51,-2.00000003,126.0000038,dec,12,2020
155,155,155,samsung,m51,-1.000000015,292.9999924,dec,12,2020
231,231,231,samsung,a11,-2.00000003,128.0000019,dec,12,2020
262,262,262,samsung,s10,-3.000000119,367.0000076,dec,12,2019
263,263,263,samsung,s10,0,307.0000076,dec,12,2019
264,264,264,samsung,s10,0,207.0000076,dec,12,2019
265,265,265,samsung,s10,-2.00000003,454.0000153,dec,12,2019
266,266,266,samsung,s10,-2.00000003,434.0000153,dec,12,2019
267,267,267,samsung,s10,-1.000000015,227.9999924,dec,12,2019
316,316,316,samsung,note10,-1.000000015,187.9999924,dec,12,2020
349,349,349,samsung,note10,-2.00000003,143.0000019,dec,12,2019
350,350,350,samsung,note10,-3.000000119,146.0000038,dec,12,2019
351,351,351,samsung,note10,-2.00000003,91.99999809,dec,12,2019
356,356,356,oneplus,one,-1.000000015,64.00000095,dec,12,2017
362,362,362,oneplus,one,-2.00000003,71.99999809,dec,12,2016
380,380,380,oneplus,one,-6.000000238,198.9999962,dec,12,2015
381,381,381,oneplus,one,-2.00000003,96.99999809,dec,12,2015
382,382,382,oneplus,one,-1.000000015,231.0000038,dec,12,2015
459,459,459,oneplus,one,0,91.00000381,dec,12,2014
460,460,460,oneplus,one,0,260,dec,12,2014
461,461,461,oneplus,one,1.000000015,427.0000076,dec,12,2014
462,462,462,oneplus,one,-1.000000015,93.00000191,dec,12,2014
463,463,463,oneplus,one,1.000000015,261.0000038,dec,12,2014
464,464,464,oneplus,one,-1.000000015,150,dec,12,2014
465,465,465,oneplus,one,0,83.99999619,dec,12,2014
523,523,523,oneplus,2,-2.00000003,131.0000038,dec,12,2016
524,524,524,oneplus,2,-2.00000003,227.0000076,dec,12,2016
525,525,525,oneplus,2,-5,186.0000038,dec,12,2016
526,526,526,oneplus,2,-3.000000119,135,dec,12,2016
574,574,574,oneplus,2,0,307.9999924,dec,12,2015
575,575,575,oneplus,2,-2.00000003,106.0000038,dec,12,2015
576,576,576,oneplus,2,-2.00000003,103.0000019,dec,12,2015
577,577,577,oneplus,2,0,116.9999981,dec,12,2015
578,578,578,oneplus,2,0,350,dec,12,2015
579,579,579,oneplus,2,-4.00000006,188.9999962,dec,12,2015
580,580,580,oneplus,2,-2.00000003,85,dec,12,2015
581,581,581,oneplus,2,-2.00000003,215,dec,12,2015
656,656,656,oneplus,2,-1.000000015,55.99999905,dec,12,2014
664,664,664,oneplus,x,-2.00000003,255,dec,12,2016
717,717,717,oneplus,x,-3.000000119,163.9999962,dec,12,2015
718,718,718,oneplus,x,0,115,dec,12,2015
719,719,719,oneplus,x,-2.00000003,106.0000038,dec,12,2015
720,720,720,oneplus,x,0,113.9999962,dec,12,2015
721,721,721,oneplus,x,1.000000015,192.0000076,dec,12,2015
722,722,722,oneplus,x,1.000000015,172.0000076,dec,12,2015
723,723,723,oneplus,x,0,171.0000038,dec,12,2015
724,724,724,oneplus,x,-2.00000003,247.0000076,dec,12,2015
725,725,725,oneplus,x,-2.00000003,232.0000076,dec,12,2015
726,726,726,oneplus,x,-3.000000119,100,dec,12,2015
727,727,727,oneplus,x,-2.00000003,128.0000019,dec,12,2015
762,762,762,oneplus,3,-2.00000003,118.9999962,dec,12,2018
764,764,764,oneplus,3,-3.000000119,146.9999981,dec,12,2017
787,787,787,oneplus,3,0,126.9999981,dec,12,2016
788,788,788,oneplus,3,0,51.99999809,dec,12,2016
789,789,789,oneplus,3,-2.00000003,257.0000076,dec,12,2016
790,790,790,oneplus,3,0,148.0000019,dec,12,2016
791,791,791,oneplus,3,0,148.0000019,dec,12,2016
792,792,792,oneplus,3,-1.000000015,177.9999924,dec,12,2016
793,793,793,oneplus,3,-3.000000119,207.0000076,dec,12,2016
794,794,794,oneplus,3,0,187.9999924,dec,12,2016
948,948,948,oneplus,3t,-4.00000006,181.0000038,dec,12,2018
955,955,955,oneplus,3t,-3.000000119,138.9999962,dec,12,2017
1025,1025,1025,oneplus,3t,-1.000000015,217.9999924,dec,12,2016
1026,1026,1026,oneplus,3t,-1.000000015,111.9999981,dec,12,2016
1027,1027,1027,oneplus,3t,-2.00000003,148.9999962,dec,12,2016
1028,1028,1028,oneplus,3t,0,86.99999809,dec,12,2016
1029,1029,1029,oneplus,3t,-2.00000003,113.0000019,dec,12,2016
1030,1030,1030,oneplus,3t,-2.00000003,79.00000095,dec,12,2016
1031,1031,1031,oneplus,3t,-2.00000003,108.0000019,dec,12,2016
1032,1032,1032,oneplus,3t,-1.000000015,34.00000095,dec,12,2016
1033,1033,1033,oneplus,3t,-1.000000015,69.00000095,dec,12,2016
1034,1034,1034,oneplus,3t,-2.00000003,101.0000038,dec,12,2016
1035,1035,1035,oneplus,3t,-3.000000119,106.0000038,dec,12,2016
1036,1036,1036,oneplus,3t,0,108.9999962,dec,12,2016
1037,1037,1037,oneplus,3t,-2.00000003,88.00000191,dec,12,2016
1038,1038,1038,oneplus,3t,0,123.0000019,dec,12,2016
1039,1039,1039,oneplus,3t,-3.000000119,68.00000191,dec,12,2016
1057,1057,1057,oneplus,5,-1.000000015,156.0000038,dec,12,2019
1065,1065,1065,oneplus,5,0,110,dec,12,2017
1066,1066,1066,oneplus,5,-2.00000003,230,dec,12,2017
1067,1067,1067,oneplus,5,-4.00000006,192.9999924,dec,12,2017
1191,1191,1191,oneplus,5t,-4.00000006,101.0000038,dec,12,2018
1226,1226,1226,oneplus,5t,-2.00000003,141.0000038,dec,12,2017
1227,1227,1227,oneplus,5t,-1.000000015,175,dec,12,2017
1228,1228,1228,oneplus,5t,-2.00000003,180,dec,12,2017
1229,1229,1229,oneplus,5t,-2.00000003,220,dec,12,2017
1230,1230,1230,oneplus,5t,0,111.0000038,dec,12,2017
1231,1231,1231,oneplus,5t,0,123.0000019,dec,12,2017
1232,1232,1232,oneplus,5t,0,155,dec,12,2017
1233,1233,1233,oneplus,5t,-1.000000015,141.0000038,dec,12,2017
1234,1234,1234,oneplus,5t,0,177.9999924,dec,12,2017
1235,1235,1235,oneplus,5t,-1.000000015,90,dec,12,2017
1236,1236,1236,oneplus,5t,0,197.9999924,dec,12,2017
1237,1237,1237,oneplus,5t,0,74.00000095,dec,12,2017
1238,1238,1238,oneplus,5t,-1.000000015,103.0000019,dec,12,2017
1260,1260,1260,oneplus,6,-2.00000003,138.0000019,dec,12,2020
1263,1263,1263,oneplus,6,-2.00000003,218.9999962,dec,12,2019
1273,1273,1273,oneplus,6,-3.000000119,220,dec,12,2018
1274,1274,1274,oneplus,6,-2.00000003,227.9999924,dec,12,2018
1383,1383,1383,oneplus,6t,0,101.9999981,dec,12,2018
1384,1384,1384,oneplus,6t,0,140,dec,12,2018
1385,1385,1385,oneplus,6t,-2.00000003,61.99999809,dec,12,2018
1386,1386,1386,oneplus,6t,-1.000000015,110,dec,12,2018
1411,1411,1411,oneplus,7,0,128.0000019,dec,12,2019
1511,1511,1511,oneplus,7t,0,430,dec,12,2019
1558,1558,1558,oneplus,8t,-4.00000006,191.0000038,dec,12,2020
1578,1578,1578,oneplus,8 pro,-3.000000119,252.0000076,dec,12,2020
0,0,0,samsung,s9,1.000000015,238.9999962,nov,11,2020
10,10,10,samsung,s9,-1.000000015,135,nov,11,2019
32,32,32,samsung,s9,-1.000000015,196.0000038,nov,11,2018
33,33,33,samsung,s9,-2.00000003,170,nov,11,2018
34,34,34,samsung,s9,-2.00000003,100,nov,11,2018
35,35,35,samsung,s9,-5,218.9999962,nov,11,2018
90,90,90,samsung,a12,-4.00000006,85,nov,11,2020
91,91,91,samsung,m21,-3.000000119,56.99999809,nov,11,2020
94,94,94,samsung,f41,-2.00000003,40,nov,11,2020
103,103,103,samsung,s20,-3.000000119,252.9999924,nov,11,2020
104,104,104,samsung,s20,-2.00000003,175,nov,11,2020
105,105,105,samsung,s20,-3.000000119,121.0000038,nov,11,2020
106,106,106,samsung,s20,-2.00000003,131.0000038,nov,11,2020
147,147,147,samsung,a42,-2.00000003,103.0000019,nov,11,2020
148,148,148,samsung,a42,-5,141.9999981,nov,11,2020
149,149,149,samsung,a42,-4.00000006,103.9999962,nov,11,2020
156,156,156,samsung,m51,0,85,nov,11,2020
157,157,157,samsung,m51,-3.000000119,113.9999962,nov,11,2020
158,158,158,samsung,m51,-3.000000119,158.9999962,nov,11,2020
159,159,159,samsung,m51,-2.00000003,125,nov,11,2020
160,160,160,samsung,m51,-1.000000015,136.9999981,nov,11,2020
161,161,161,samsung,m51,-2.00000003,111.9999981,nov,11,2020
162,162,162,samsung,m51,0,141.0000038,nov,11,2020
163,163,163,samsung,m51,-4.00000006,115,nov,11,2020
164,164,164,samsung,m51,-3.000000119,183.9999962,nov,11,2020
165,165,165,samsung,m51,-3.000000119,86.99999809,nov,11,2020
166,166,166,samsung,m51,-4.00000006,55.99999905,nov,11,2020
221,221,221,samsung,note20,-2.00000003,195,nov,11,2020
232,232,232,samsung,a11,-5,113.9999962,nov,11,2020
244,244,244,samsung,s10,1.000000015,300,nov,11,2020
268,268,268,samsung,s10,0,190,nov,11,2019
317,317,317,samsung,note10,-2.00000003,136.9999981,nov,11,2020
383,383,383,oneplus,one,-3.000000119,86.99999809,nov,11,2015
384,384,384,oneplus,one,0,121.9999981,nov,11,2015
385,385,385,oneplus,one,-2.00000003,172.0000076,nov,11,2015
386,386,386,oneplus,one,-2.00000003,150,nov,11,2015
466,466,466,oneplus,one,0,125,nov,11,2014
467,467,467,oneplus,one,-4.00000006,35,nov,11,2014
468,468,468,oneplus,one,-1.000000015,81.99999809,nov,11,2014
469,469,469,oneplus,one,-1.000000015,155,nov,11,2014
470,470,470,oneplus,one,-1.000000015,59.00000095,nov,11,2014
471,471,471,oneplus,one,0,91.00000381,nov,11,2014
472,472,472,oneplus,one,-1.000000015,46.99999809,nov,11,2014
514,514,514,oneplus,2,-1.000000015,162.9999924,nov,11,2017
527,527,527,oneplus,2,-3.000000119,146.0000038,nov,11,2016
528,528,528,oneplus,2,-3.000000119,208.9999962,nov,11,2016
582,582,582,oneplus,2,-1.000000015,213.9999962,nov,11,2015
583,583,583,oneplus,2,0,347.9999924,nov,11,2015
584,584,584,oneplus,2,-3.000000119,285,nov,11,2015
585,585,585,oneplus,2,-1.000000015,160,nov,11,2015
586,586,586,oneplus,2,-2.00000003,148.9999962,nov,11,2015
587,587,587,oneplus,2,0,101.9999981,nov,11,2015
588,588,588,oneplus,2,-1.000000015,248.9999962,nov,11,2015
589,589,589,oneplus,2,-3.000000119,287.9999924,nov,11,2015
590,590,590,oneplus,2,-2.00000003,123.0000019,nov,11,2015
665,665,665,oneplus,x,-5,191.0000038,nov,11,2016
666,666,666,oneplus,x,-1.000000015,203.9999962,nov,11,2016
728,728,728,oneplus,x,-3.000000119,121.9999981,nov,11,2015
729,729,729,oneplus,x,-3.000000119,75,nov,11,2015
730,730,730,oneplus,x,-4.00000006,81.00000381,nov,11,2015
731,731,731,oneplus,x,0,160,nov,11,2015
732,732,732,oneplus,x,0,156.0000038,nov,11,2015
733,733,733,oneplus,x,-4.00000006,355,nov,11,2015
734,734,734,oneplus,x,0,197.0000076,nov,11,2015
735,735,735,oneplus,x,-1.000000015,78.00000191,nov,11,2015
736,736,736,oneplus,x,-3.000000119,113.9999962,nov,11,2015
737,737,737,oneplus,x,-2.00000003,86.99999809,nov,11,2015
738,738,738,oneplus,x,-1.000000015,130,nov,11,2015
739,739,739,oneplus,x,0,126.9999981,nov,11,2015
740,740,740,oneplus,x,-1.000000015,163.9999962,nov,11,2015
741,741,741,oneplus,x,0,165,nov,11,2015
742,742,742,oneplus,x,-2.00000003,110,nov,11,2015
743,743,743,oneplus,x,-1.000000015,98.99999619,nov,11,2015
744,744,744,oneplus,x,-3.000000119,208.9999962,nov,11,2015
745,745,745,oneplus,x,-2.00000003,106.9999981,nov,11,2015
746,746,746,oneplus,x,-3.000000119,32.99999952,nov,11,2015
747,747,747,oneplus,x,-5,116.9999981,nov,11,2015
748,748,748,oneplus,x,0,115,nov,11,2015
795,795,795,oneplus,3,-2.00000003,113.9999962,nov,11,2016
796,796,796,oneplus,3,-1.000000015,145,nov,11,2016
797,797,797,oneplus,3,-1.000000015,185,nov,11,2016
798,798,798,oneplus,3,0,133.0000019,nov,11,2016
799,799,799,oneplus,3,0,81.99999809,nov,11,2016
800,800,800,oneplus,3,1.000000015,176.0000038,nov,11,2016
801,801,801,oneplus,3,0,258.9999962,nov,11,2016
802,802,802,oneplus,3,-1.000000015,93.99999619,nov,11,2016
803,803,803,oneplus,3,-3.000000119,172.9999924,nov,11,2016
945,945,945,oneplus,3t,-1.000000015,192.0000076,nov,11,2019
956,956,956,oneplus,3t,-1.000000015,123.0000019,nov,11,2017
957,957,957,oneplus,3t,0,135,nov,11,2017
1040,1040,1040,oneplus,3t,0,242.9999924,nov,11,2016
1041,1041,1041,oneplus,3t,0,177.9999924,nov,11,2016
1042,1042,1042,oneplus,3t,-2.00000003,131.9999981,nov,11,2016
1043,1043,1043,oneplus,3t,-1.000000015,128.0000019,nov,11,2016
1044,1044,1044,oneplus,3t,1.000000015,105,nov,11,2016
1045,1045,1045,oneplus,3t,-2.00000003,98.00000191,nov,11,2016
1046,1046,1046,oneplus,3t,-4.00000006,56.99999809,nov,11,2016
1047,1047,1047,oneplus,3t,-1.000000015,175,nov,11,2016
1048,1048,1048,oneplus,3t,-5,116.0000038,nov,11,2016
1049,1049,1049,oneplus,3t,-2.00000003,64.00000095,nov,11,2016
1050,1050,1050,oneplus,3t,-3.000000119,148.9999962,nov,11,2016
1051,1051,1051,oneplus,3t,-2.00000003,153.9999962,nov,11,2016
1052,1052,1052,oneplus,3t,0,83.99999619,nov,11,2016
1053,1053,1053,oneplus,3t,-3.000000119,43.00000191,nov,11,2016
1068,1068,1068,oneplus,5,-1.000000015,227.9999924,nov,11,2017
1069,1069,1069,oneplus,5,-3.000000119,88.99999619,nov,11,2017
1070,1070,1070,oneplus,5,-1.000000015,108.0000019,nov,11,2017
1071,1071,1071,oneplus,5,-1.000000015,315,nov,11,2017
1072,1072,1072,oneplus,5,0,83.99999619,nov,11,2017
1239,1239,1239,oneplus,5t,-3.000000119,238.9999962,nov,11,2017
1240,1240,1240,oneplus,5t,0,178.9999962,nov,11,2017
1241,1241,1241,oneplus,5t,0,103.9999962,nov,11,2017
1242,1242,1242,oneplus,5t,-1.000000015,95,nov,11,2017
1243,1243,1243,oneplus,5t,-1.000000015,248.9999962,nov,11,2017
1244,1244,1244,oneplus,5t,-1.000000015,71.99999809,nov,11,2017
1245,1245,1245,oneplus,5t,-1.000000015,76.99999809,nov,11,2017
1246,1246,1246,oneplus,5t,0,111.9999981,nov,11,2017
1247,1247,1247,oneplus,5t,-3.000000119,281.0000038,nov,11,2017
1248,1248,1248,oneplus,5t,-2.00000003,210,nov,11,2017
1249,1249,1249,oneplus,5t,-1.000000015,180,nov,11,2017
1250,1250,1250,oneplus,5t,-2.00000003,247.9999924,nov,11,2017
1251,1251,1251,oneplus,5t,-4.00000006,126.0000038,nov,11,2017
1252,1252,1252,oneplus,5t,-2.00000003,177.9999924,nov,11,2017
1253,1253,1253,oneplus,5t,-4.00000006,45,nov,11,2017
1254,1254,1254,oneplus,5t,-1.000000015,153.0000019,nov,11,2017
1255,1255,1255,oneplus,5t,-1.000000015,79.00000095,nov,11,2017
1256,1256,1256,oneplus,5t,-3.000000119,151.0000038,nov,11,2017
1275,1275,1275,oneplus,6,-3.000000119,101.0000038,nov,11,2018
1276,1276,1276,oneplus,6,-3.000000119,170,nov,11,2018
1277,1277,1277,oneplus,6,-2.00000003,116.0000038,nov,11,2018
1368,1368,1368,oneplus,6t,-2.00000003,141.9999981,nov,11,2019
1387,1387,1387,oneplus,6t,-2.00000003,151.0000038,nov,11,2018
1388,1388,1388,oneplus,6t,-1.000000015,115,nov,11,2018
1389,1389,1389,oneplus,6t,0,296.0000038,nov,11,2018
1390,1390,1390,oneplus,6t,-2.00000003,293.9999962,nov,11,2018
1391,1391,1391,oneplus,6t,-2.00000003,151.0000038,nov,11,2018
1392,1392,1392,oneplus,6t,0,242.0000076,nov,11,2018
1393,1393,1393,oneplus,6t,-5,162.9999924,nov,11,2018
1394,1394,1394,oneplus,6t,-3.000000119,91.00000381,nov,11,2018
1395,1395,1395,oneplus,6t,-2.00000003,167.9999924,nov,11,2018
1412,1412,1412,oneplus,7,-1.000000015,54.00000095,nov,11,2019
1447,1447,1447,oneplus ,7 pro,0,186.0000038,nov,11,2020
1455,1455,1455,oneplus ,7 pro,-4.00000006,200,nov,11,2019
1456,1456,1456,oneplus ,7 pro,-3.000000119,133.0000019,nov,11,2019
1498,1498,1498,oneplus,7t,0,232.0000076,nov,11,2020
1512,1512,1512,oneplus,7t,-1.000000015,153.9999962,nov,11,2019
1513,1513,1513,oneplus,7t,1.000000015,108.9999962,nov,11,2019
1527,1527,1527,oneplus,7t pro,0,277.9999924,nov,11,2020
1533,1533,1533,oneplus,7t pro,-4.00000006,146.9999981,nov,11,2019
1534,1534,1534,oneplus,7t pro,0,278.9999962,nov,11,2019
1542,1542,1542,oneplus,8,-3.000000119,243.9999962,nov,11,2020
1559,1559,1559,oneplus,8t,-4.00000006,118.0000019,nov,11,2020
1560,1560,1560,oneplus,8t,-1.000000015,116.9999981,nov,11,2020
1561,1561,1561,oneplus,8t,-4.00000006,136.9999981,nov,11,2020
1620,1620,1620,oneplus,8 pro,-5,125,nov,11,2019
11,11,11,samsung,s9,-1.000000015,136.9999981,oct,10,2019
36,36,36,samsung,s9,0,344.0000153,oct,10,2018
37,37,37,samsung,s9,-1.000000015,399.0000153,oct,10,2018
38,38,38,samsung,s9,-1.000000015,192.9999924,oct,10,2018
39,39,39,samsung,s9,-1.000000015,220,oct,10,2018
92,92,92,samsung,m31,-2.00000003,98.00000191,oct,10,2020
95,95,95,samsung,f41,-2.00000003,103.9999962,oct,10,2020
96,96,96,samsung,f41,-3.000000119,64.00000095,oct,10,2020
97,97,97,samsung,f41,-4.00000006,98.99999619,oct,10,2020
98,98,98,samsung,f41,-3.000000119,171.0000038,oct,10,2020
99,99,99,samsung,f41,-4.00000006,172.0000076,oct,10,2020
100,100,100,samsung,f41,-1.000000015,70.99999905,oct,10,2020
101,101,101,samsung,f41,-3.000000119,113.0000019,oct,10,2020
107,107,107,samsung,s20,-1.000000015,390,oct,10,2020
108,108,108,samsung,s20,-3.000000119,307.0000076,oct,10,2020
109,109,109,samsung,s20,-1.000000015,103.9999962,oct,10,2020
110,110,110,samsung,s20,0,178.9999962,oct,10,2020
111,111,111,samsung,s20,-3.000000119,156.0000038,oct,10,2020
112,112,112,samsung,s20,-1.000000015,165,oct,10,2020
113,113,113,samsung,s20,-2.00000003,263.9999962,oct,10,2020
114,114,114,samsung,s20,-4.00000006,237.9999924,oct,10,2020
115,115,115,samsung,s20,-4.00000006,125,oct,10,2020
116,116,116,samsung,s20,-1.000000015,222.9999924,oct,10,2020
150,150,150,samsung,a42,-3.000000119,110,oct,10,2020
167,167,167,samsung,m51,-1.000000015,105,oct,10,2020
168,168,168,samsung,m51,-1.000000015,93.00000191,oct,10,2020
169,169,169,samsung,m51,-1.000000015,73.00000191,oct,10,2020
170,170,170,samsung,m51,-1.000000015,128.0000019,oct,10,2020
171,171,171,samsung,m51,-2.00000003,88.00000191,oct,10,2020
172,172,172,samsung,m51,-2.00000003,70.99999905,oct,10,2020
173,173,173,samsung,m51,0,181.0000038,oct,10,2020
174,174,174,samsung,m51,-2.00000003,260,oct,10,2020
175,175,175,samsung,m51,-2.00000003,140,oct,10,2020
176,176,176,samsung,m51,0,148.9999962,oct,10,2020
177,177,177,samsung,m51,-2.00000003,133.9999962,oct,10,2020
178,178,178,samsung,m51,-2.00000003,202.9999924,oct,10,2020
233,233,233,samsung,a11,-4.00000006,260,oct,10,2020
234,234,234,samsung,a11,2.00000003,131.9999981,oct,10,2020
245,245,245,samsung,s10,0,230,oct,10,2020
269,269,269,samsung,s10,-2.00000003,207.9999924,oct,10,2019
270,270,270,samsung,s10,-1.000000015,215,oct,10,2019
271,271,271,samsung,s10,-1.000000015,180,oct,10,2019
272,272,272,samsung,s10,1.000000015,171.0000038,oct,10,2019
273,273,273,samsung,s10,1.000000015,345,oct,10,2019
318,318,318,samsung,note10,-1.000000015,192.0000076,oct,10,2020
319,319,319,samsung,note10,0,64.00000095,oct,10,2020
320,320,320,samsung,note10,-1.000000015,251.0000038,oct,10,2020
363,363,363,oneplus,one,-3.000000119,212.9999924,oct,10,2016
387,387,387,oneplus,one,-3.000000119,151.0000038,oct,10,2015
388,388,388,oneplus,one,-3.000000119,116.9999981,oct,10,2015
389,389,389,oneplus,one,0,131.9999981,oct,10,2015
473,473,473,oneplus,one,1.000000015,141.0000038,oct,10,2014
474,474,474,oneplus,one,0,140,oct,10,2014
475,475,475,oneplus,one,-2.00000003,83.99999619,oct,10,2014
476,476,476,oneplus,one,-2.00000003,287.0000076,oct,10,2014
477,477,477,oneplus,one,0,146.0000038,oct,10,2014
478,478,478,oneplus,one,-1.000000015,135,oct,10,2014
529,529,529,oneplus,2,-1.000000015,128.0000019,oct,10,2016
530,530,530,oneplus,2,-3.000000119,136.9999981,oct,10,2016
591,591,591,oneplus,2,-2.00000003,281.0000038,oct,10,2015
592,592,592,oneplus,2,-3.000000119,197.0000076,oct,10,2015
593,593,593,oneplus,2,-3.000000119,143.9999962,oct,10,2015
594,594,594,oneplus,2,-1.000000015,128.9999962,oct,10,2015
595,595,595,oneplus,2,-4.00000006,197.0000076,oct,10,2015
596,596,596,oneplus,2,-4.00000006,105,oct,10,2015
597,597,597,oneplus,2,-4.00000006,200,oct,10,2015
598,598,598,oneplus,2,-3.000000119,91.00000381,oct,10,2015
599,599,599,oneplus,2,-4.00000006,85,oct,10,2015
600,600,600,oneplus,2,-3.000000119,162.9999924,oct,10,2015
601,601,601,oneplus,2,-4.00000006,168.9999962,oct,10,2015
658,658,658,oneplus,x,1.000000015,146.0000038,oct,10,2018
667,667,667,oneplus,x,-1.000000015,143.9999962,oct,10,2016
668,668,668,oneplus,x,-4.00000006,153.9999962,oct,10,2016
669,669,669,oneplus,x,-4.00000006,138.0000019,oct,10,2016
749,749,749,oneplus,x,-3.000000119,54.00000095,oct,10,2015
750,750,750,oneplus,x,-2.00000003,86.99999809,oct,10,2015
751,751,751,oneplus,x,-2.00000003,86.00000381,oct,10,2015
752,752,752,oneplus,x,-2.00000003,81.99999809,oct,10,2015
753,753,753,oneplus,x,0,88.00000191,oct,10,2015
754,754,754,oneplus,x,-2.00000003,203.9999962,oct,10,2015
755,755,755,oneplus,x,-4.00000006,167.9999924,oct,10,2015
756,756,756,oneplus,x,-3.000000119,70.99999905,oct,10,2015
757,757,757,oneplus,x,-1.000000015,225,oct,10,2015
758,758,758,oneplus,x,0,121.0000038,oct,10,2015
759,759,759,oneplus,x,-1.000000015,48.00000191,oct,10,2015
765,765,765,oneplus,3,0,187.0000076,oct,10,2017
766,766,766,oneplus,3,-1.000000015,190,oct,10,2017
804,804,804,oneplus,3,-2.00000003,81.00000381,oct,10,2016
805,805,805,oneplus,3,-1.000000015,167.0000076,oct,10,2016
806,806,806,oneplus,3,-1.000000015,75.99999905,oct,10,2016
807,807,807,oneplus,3,-1.000000015,74.00000095,oct,10,2016
808,808,808,oneplus,3,-2.00000003,167.0000076,oct,10,2016
809,809,809,oneplus,3,-1.000000015,172.0000076,oct,10,2016
810,810,810,oneplus,3,-1.000000015,100,oct,10,2016
811,811,811,oneplus,3,-2.00000003,193.9999962,oct,10,2016
812,812,812,oneplus,3,-1.000000015,407.9999924,oct,10,2016
813,813,813,oneplus,3,-1.000000015,113.9999962,oct,10,2016
814,814,814,oneplus,3,0,205,oct,10,2016
815,815,815,oneplus,3,-2.00000003,118.9999962,oct,10,2016
816,816,816,oneplus,3,-1.000000015,121.9999981,oct,10,2016
817,817,817,oneplus,3,-1.000000015,106.0000038,oct,10,2016
818,818,818,oneplus,3,-1.000000015,173.9999962,oct,10,2016
819,819,819,oneplus,3,0,96.99999809,oct,10,2016
820,820,820,oneplus,3,-1.000000015,83.99999619,oct,10,2016
821,821,821,oneplus,3,0,81.99999809,oct,10,2016
822,822,822,oneplus,3,-1.000000015,141.9999981,oct,10,2016
823,823,823,oneplus,3,-1.000000015,201.0000038,oct,10,2016
958,958,958,oneplus,3t,0,202.9999924,oct,10,2017
959,959,959,oneplus,3t,-2.00000003,198.9999962,oct,10,2017
960,960,960,oneplus,3t,-3.000000119,80,oct,10,2017
961,961,961,oneplus,3t,-1.000000015,213.9999962,oct,10,2017
1073,1073,1073,oneplus,5,1.000000015,81.99999809,oct,10,2017
1074,1074,1074,oneplus,5,2.00000003,65,oct,10,2017
1075,1075,1075,oneplus,5,-1.000000015,191.0000038,oct,10,2017
1076,1076,1076,oneplus,5,-2.00000003,208.9999962,oct,10,2017
1077,1077,1077,oneplus,5,-1.000000015,60.99999905,oct,10,2017
1078,1078,1078,oneplus,5,1.000000015,136.0000038,oct,10,2017
1079,1079,1079,oneplus,5,2.00000003,207.0000076,oct,10,2017
1080,1080,1080,oneplus,5,0,278.9999962,oct,10,2017
1081,1081,1081,oneplus,5,0,291.0000038,oct,10,2017
1082,1082,1082,oneplus,5,4.00000006,165,oct,10,2017
1083,1083,1083,oneplus,5,0,555.9999847,oct,10,2017
1084,1084,1084,oneplus,5,0,158.9999962,oct,10,2017
1192,1192,1192,oneplus,5t,-2.00000003,175,oct,10,2018
1193,1193,1193,oneplus,5t,-1.000000015,125,oct,10,2018
1257,1257,1257,oneplus,5t,-5,65.99999905,oct,10,2017
1258,1258,1258,oneplus,5t,-2.00000003,133.0000019,oct,10,2017
1259,1259,1259,oneplus,5t,-3.000000119,91.00000381,oct,10,2017
1278,1278,1278,oneplus,6,2.00000003,106.0000038,oct,10,2018
1279,1279,1279,oneplus,6,-2.00000003,113.0000019,oct,10,2018
1280,1280,1280,oneplus,6,-3.000000119,111.9999981,oct,10,2018
1281,1281,1281,oneplus,6,0,135,oct,10,2018
1282,1282,1282,oneplus,6,-1.000000015,192.9999924,oct,10,2018
1364,1364,1364,oneplus,6t,0,193.9999962,oct,10,2020
1396,1396,1396,oneplus,6t,-2.00000003,260,oct,10,2018
1397,1397,1397,oneplus,6t,-4.00000006,136.9999981,oct,10,2018
1398,1398,1398,oneplus,6t,-2.00000003,136.0000038,oct,10,2018
1399,1399,1399,oneplus,6t,-5,153.0000019,oct,10,2018
1400,1400,1400,oneplus,6t,-2.00000003,136.9999981,oct,10,2018
1401,1401,1401,oneplus,6t,-4.00000006,172.9999924,oct,10,2018
1402,1402,1402,oneplus,6t,-1.000000015,212.0000076,oct,10,2018
1403,1403,1403,oneplus,6t,-3.000000119,98.99999619,oct,10,2018
1404,1404,1404,oneplus,6t,-3.000000119,141.9999981,oct,10,2018
1405,1405,1405,oneplus,6t,0,125,oct,10,2018
1406,1406,1406,oneplus,6t,-4.00000006,183.9999962,oct,10,2018
1413,1413,1413,oneplus,7,-2.00000003,113.0000019,oct,10,2019
1414,1414,1414,oneplus,7,-4.00000006,34.00000095,oct,10,2019
1415,1415,1415,oneplus,7,-1.000000015,22.99999952,oct,10,2019
1448,1448,1448,oneplus ,7 pro,-1.000000015,206.0000038,oct,10,2020
1457,1457,1457,oneplus ,7 pro,0,347.0000076,oct,10,2019
1458,1458,1458,oneplus ,7 pro,0,106.0000038,oct,10,2019
1499,1499,1499,oneplus,7t,-3.000000119,167.9999924,oct,10,2020
1514,1514,1514,oneplus,7t,0,262.9999924,oct,10,2019
1515,1515,1515,oneplus,7t,0,221.0000038,oct,10,2019
1516,1516,1516,oneplus,7t,-4.00000006,71.99999809,oct,10,2019
1517,1517,1517,oneplus,7t,-1.000000015,98.99999619,oct,10,2019
1518,1518,1518,oneplus,7t,-1.000000015,53.00000191,oct,10,2019
1519,1519,1519,oneplus,7t,-3.000000119,131.0000038,oct,10,2019
1535,1535,1535,oneplus,7t pro,-2.00000003,276.0000038,oct,10,2019
1536,1536,1536,oneplus,7t pro,-2.00000003,165,oct,10,2019
1537,1537,1537,oneplus,7t pro,-3.000000119,79.00000095,oct,10,2019
1538,1538,1538,oneplus,7t pro,-5,155,oct,10,2019
1539,1539,1539,oneplus,7t pro,-2.00000003,181.0000038,oct,10,2019
1543,1543,1543,oneplus,8,0,161.0000038,oct,10,2020
1562,1562,1562,oneplus,8t,-2.00000003,126.9999981,oct,10,2020
1563,1563,1563,oneplus,8t,-2.00000003,177.0000076,oct,10,2020
1564,1564,1564,oneplus,8t,-3.000000119,200,oct,10,2020
1565,1565,1565,oneplus,8t,-4.00000006,165,oct,10,2020
1566,1566,1566,oneplus,8t,-4.00000006,230,oct,10,2020
1567,1567,1567,oneplus,8t,-2.00000003,176.0000038,oct,10,2020
1568,1568,1568,oneplus,8t,-3.000000119,146.0000038,oct,10,2020
1569,1569,1569,oneplus,8t,-3.000000119,162.9999924,oct,10,2020
1570,1570,1570,oneplus,8t,-4.00000006,70.99999905,oct,10,2020
1571,1571,1571,oneplus,8t,-3.000000119,167.9999924,oct,10,2020
1572,1572,1572,oneplus,8t,-5,73.00000191,oct,10,2020
1579,1579,1579,oneplus,8 pro,-2.00000003,167.0000076,oct,10,2020
1580,1580,1580,oneplus,8 pro,-4.00000006,223.9999962,oct,10,2020
1621,1621,1621,oneplus,8 pro,-2.00000003,110,oct,10,2019
1622,1622,1622,oneplus,8 pro,-3.000000119,85,oct,10,2019
12,12,12,samsung,s9,-1.000000015,177.9999924,sep,9,2019
40,40,40,samsung,s9,-2.00000003,173.9999962,sep,9,2018
41,41,41,samsung,s9,0,153.9999962,sep,9,2018
42,42,42,samsung,s9,-1.000000015,226.0000038,sep,9,2018
43,43,43,samsung,s9,-3.000000119,167.0000076,sep,9,2018
117,117,117,samsung,s20,-2.00000003,81.99999809,sep,9,2020
118,118,118,samsung,s20,-3.000000119,153.9999962,sep,9,2020
119,119,119,samsung,s20,-3.000000119,241.0000038,sep,9,2020
120,120,120,samsung,s20,-2.00000003,202.0000076,sep,9,2020
121,121,121,samsung,s20,-2.00000003,217.0000076,sep,9,2020
122,122,122,samsung,s20,-3.000000119,98.99999619,sep,9,2020
123,123,123,samsung,s20,-2.00000003,177.9999924,sep,9,2020
124,124,124,samsung,s20,-1.000000015,61.99999809,sep,9,2020
125,125,125,samsung,s20,-4.00000006,83.99999619,sep,9,2020
126,126,126,samsung,s20,-2.00000003,128.9999962,sep,9,2020
127,127,127,samsung,s20,-4.00000006,121.0000038,sep,9,2020
128,128,128,samsung,s20,-3.000000119,98.99999619,sep,9,2020
151,151,151,samsung,a42,-1.000000015,40,sep,9,2020
152,152,152,samsung,a42,-3.000000119,115,sep,9,2020
179,179,179,samsung,m51,-5,106.9999981,sep,9,2020
180,180,180,samsung,m51,-3.000000119,176.0000038,sep,9,2020
181,181,181,samsung,m51,-5,155,sep,9,2020
182,182,182,samsung,m51,-1.000000015,100,sep,9,2020
183,183,183,samsung,m51,-4.00000006,71.99999809,sep,9,2020
184,184,184,samsung,m51,-4.00000006,191.0000038,sep,9,2020
185,185,185,samsung,m51,-1.000000015,93.99999619,sep,9,2020
186,186,186,samsung,m51,-4.00000006,153.9999962,sep,9,2020
187,187,187,samsung,m51,-5,335,sep,9,2020
188,188,188,samsung,m51,-4.00000006,168.9999962,sep,9,2020
189,189,189,samsung,m51,-4.00000006,136.0000038,sep,9,2020
190,190,190,samsung,m51,-2.00000003,177.9999924,sep,9,2020
191,191,191,samsung,m51,-1.000000015,30.99999905,sep,9,2020
192,192,192,samsung,m51,-3.000000119,50.99999905,sep,9,2020
193,193,193,samsung,m51,-3.000000119,151.0000038,sep,9,2020
194,194,194,samsung,m51,-2.00000003,128.9999962,sep,9,2020
195,195,195,samsung,m51,0,78.00000191,sep,9,2020
196,196,196,samsung,m51,-3.000000119,44.00000095,sep,9,2020
197,197,197,samsung,m51,-4.00000006,54.00000095,sep,9,2020
198,198,198,samsung,m51,-2.00000003,64.00000095,sep,9,2020
199,199,199,samsung,m51,-3.000000119,39.00000095,sep,9,2020
200,200,200,samsung,m51,-1.000000015,79.00000095,sep,9,2020
201,201,201,samsung,m51,-1.000000015,118.0000019,sep,9,2020
202,202,202,samsung,m51,-4.00000006,177.9999924,sep,9,2020
203,203,203,samsung,m51,-3.000000119,128.9999962,sep,9,2020
204,204,204,samsung,m51,-2.00000003,68.00000191,sep,9,2020
205,205,205,samsung,m51,-1.000000015,93.99999619,sep,9,2020
218,218,218,samsung,a51,-3.000000119,110,sep,9,2020
222,222,222,samsung,note20,-1.000000015,166.0000038,sep,9,2020
223,223,223,samsung,note20,-4.00000006,128.9999962,sep,9,2020
235,235,235,samsung,a11,-2.00000003,276.0000038,sep,9,2020
236,236,236,samsung,a11,0,231.0000038,sep,9,2020
237,237,237,samsung,a11,-4.00000006,285,sep,9,2020
246,246,246,samsung,s10,-2.00000003,246.0000038,sep,9,2020
274,274,274,samsung,s10,0,138.9999962,sep,9,2019
275,275,275,samsung,s10,-2.00000003,245,sep,9,2019
276,276,276,samsung,s10,-1.000000015,315,sep,9,2019
277,277,277,samsung,s10,-1.000000015,252.9999924,sep,9,2019
278,278,278,samsung,s10,0,121.0000038,sep,9,2019
321,321,321,samsung,note10,-2.00000003,63.00000191,sep,9,2020
322,322,322,samsung,note10,1.000000015,196.0000038,sep,9,2020
357,357,357,oneplus,one,1.000000015,172.9999924,sep,9,2017
364,364,364,oneplus,one,3.000000119,131.0000038,sep,9,2016
365,365,365,oneplus,one,-5,277.9999924,sep,9,2016
390,390,390,oneplus,one,-2.00000003,86.99999809,sep,9,2015
391,391,391,oneplus,one,-1.000000015,68.00000191,sep,9,2015
392,392,392,oneplus,one,-4.00000006,145,sep,9,2015
393,393,393,oneplus,one,-1.000000015,166.0000038,sep,9,2015
479,479,479,oneplus,one,0,96.99999809,sep,9,2014
480,480,480,oneplus,one,0,86.99999809,sep,9,2014
481,481,481,oneplus,one,0,212.0000076,sep,9,2014
482,482,482,oneplus,one,1.000000015,108.9999962,sep,9,2014
483,483,483,oneplus,one,0,125,sep,9,2014
531,531,531,oneplus,2,-4.00000006,210,sep,9,2016
532,532,532,oneplus,2,-5,293.9999962,sep,9,2016
533,533,533,oneplus,2,-5,126.0000038,sep,9,2016
602,602,602,oneplus,2,-3.000000119,88.99999619,sep,9,2015
603,603,603,oneplus,2,-2.00000003,217.0000076,sep,9,2015
604,604,604,oneplus,2,0,180,sep,9,2015
605,605,605,oneplus,2,-2.00000003,201.0000038,sep,9,2015
606,606,606,oneplus,2,0,95,sep,9,2015
607,607,607,oneplus,2,1.000000015,187.0000076,sep,9,2015
608,608,608,oneplus,2,-2.00000003,182.0000076,sep,9,2015
609,609,609,oneplus,2,2.00000003,156.0000038,sep,9,2015
610,610,610,oneplus,2,1.000000015,192.0000076,sep,9,2015
670,670,670,oneplus,x,-3.000000119,111.0000038,sep,9,2016
671,671,671,oneplus,x,-3.000000119,81.99999809,sep,9,2016
672,672,672,oneplus,x,-3.000000119,106.9999981,sep,9,2016
824,824,824,oneplus,3,-3.000000119,138.0000019,sep,9,2016
825,825,825,oneplus,3,-3.000000119,83.99999619,sep,9,2016
826,826,826,oneplus,3,-1.000000015,145,sep,9,2016
827,827,827,oneplus,3,-1.000000015,168.9999962,sep,9,2016
828,828,828,oneplus,3,0,141.0000038,sep,9,2016
829,829,829,oneplus,3,-2.00000003,95,sep,9,2016
830,830,830,oneplus,3,3.000000119,195,sep,9,2016
831,831,831,oneplus,3,0,345,sep,9,2016
832,832,832,oneplus,3,1.000000015,190,sep,9,2016
833,833,833,oneplus,3,-2.00000003,191.0000038,sep,9,2016
834,834,834,oneplus,3,0,192.0000076,sep,9,2016
835,835,835,oneplus,3,-1.000000015,177.9999924,sep,9,2016
836,836,836,oneplus,3,-5,145,sep,9,2016
837,837,837,oneplus,3,0,173.9999962,sep,9,2016
838,838,838,oneplus,3,-2.00000003,118.9999962,sep,9,2016
839,839,839,oneplus,3,0,206.0000038,sep,9,2016
840,840,840,oneplus,3,-1.000000015,292.9999924,sep,9,2016
841,841,841,oneplus,3,-2.00000003,223.9999962,sep,9,2016
842,842,842,oneplus,3,-1.000000015,126.0000038,sep,9,2016
843,843,843,oneplus,3,-2.00000003,126.9999981,sep,9,2016
844,844,844,oneplus,3,0,247.0000076,sep,9,2016
946,946,946,oneplus,3t,-3.000000119,131.9999981,sep,9,2019
949,949,949,oneplus,3t,-3.000000119,71.99999809,sep,9,2018
962,962,962,oneplus,3t,0,93.99999619,sep,9,2017
963,963,963,oneplus,3t,0,260,sep,9,2017
964,964,964,oneplus,3t,0,196.0000038,sep,9,2017
965,965,965,oneplus,3t,0,81.00000381,sep,9,2017
966,966,966,oneplus,3t,-3.000000119,180,sep,9,2017
1058,1058,1058,oneplus,5,1.000000015,135,sep,9,2018
1085,1085,1085,oneplus,5,3.000000119,250,sep,9,2017
1086,1086,1086,oneplus,5,2.00000003,290,sep,9,2017
1087,1087,1087,oneplus,5,2.00000003,203.9999962,sep,9,2017
1088,1088,1088,oneplus,5,1.000000015,153.9999962,sep,9,2017
1089,1089,1089,oneplus,5,3.000000119,266.0000038,sep,9,2017
1090,1090,1090,oneplus,5,1.000000015,160,sep,9,2017
1091,1091,1091,oneplus,5,0,308.9999962,sep,9,2017
1092,1092,1092,oneplus,5,2.00000003,282.9999924,sep,9,2017
1093,1093,1093,oneplus,5,1.000000015,148.0000019,sep,9,2017
1094,1094,1094,oneplus,5,1.000000015,262.9999924,sep,9,2017
1095,1095,1095,oneplus,5,1.000000015,106.0000038,sep,9,2017
1096,1096,1096,oneplus,5,0,182.9999924,sep,9,2017
1097,1097,1097,oneplus,5,1.000000015,125,sep,9,2017
1098,1098,1098,oneplus,5,0,135,sep,9,2017
1099,1099,1099,oneplus,5,0,223.9999962,sep,9,2017
1100,1100,1100,oneplus,5,0,176.0000038,sep,9,2017
1101,1101,1101,oneplus,5,0,282.0000076,sep,9,2017
1283,1283,1283,oneplus,6,-1.000000015,140,sep,9,2018
1284,1284,1284,oneplus,6,-2.00000003,131.0000038,sep,9,2018
1285,1285,1285,oneplus,6,-1.000000015,115,sep,9,2018
1286,1286,1286,oneplus,6,0,203.9999962,sep,9,2018
1287,1287,1287,oneplus,6,-1.000000015,191.0000038,sep,9,2018
1369,1369,1369,oneplus,6t,-2.00000003,71.99999809,sep,9,2019
1370,1370,1370,oneplus,6t,0,60.99999905,sep,9,2019
1416,1416,1416,oneplus,7,-2.00000003,116.0000038,sep,9,2019
1417,1417,1417,oneplus,7,-3.000000119,106.9999981,sep,9,2019
1418,1418,1418,oneplus,7,0,156.0000038,sep,9,2019
1459,1459,1459,oneplus ,7 pro,-1.000000015,41.99999809,sep,9,2019
1460,1460,1460,oneplus ,7 pro,0,108.9999962,sep,9,2019
1520,1520,1520,oneplus,7t,-3.000000119,65.99999905,sep,9,2019
1521,1521,1521,oneplus,7t,-3.000000119,180,sep,9,2019
1522,1522,1522,oneplus,7t,-3.000000119,262.9999924,sep,9,2019
1523,1523,1523,oneplus,7t,-4.00000006,156.0000038,sep,9,2019
1524,1524,1524,oneplus,7t,-2.00000003,123.9999962,sep,9,2019
1525,1525,1525,oneplus,7t,-3.000000119,108.0000019,sep,9,2019
1526,1526,1526,oneplus,7t,-3.000000119,75.99999905,sep,9,2019
1540,1540,1540,oneplus,7t pro,-3.000000119,202.0000076,sep,9,2019
1541,1541,1541,oneplus,7t pro,-2.00000003,231.0000038,sep,9,2019
1573,1573,1573,oneplus,8t,0,68.00000191,sep,9,2020
1574,1574,1574,oneplus,8t,0,156.9999981,sep,9,2020
1575,1575,1575,oneplus,8t,-1.000000015,141.0000038,sep,9,2020
1576,1576,1576,oneplus,8t,-1.000000015,106.9999981,sep,9,2020
1577,1577,1577,oneplus,8t,-4.00000006,128.0000019,sep,9,2020
1581,1581,1581,oneplus,8 pro,-4.00000006,340,sep,9,2020
1582,1582,1582,oneplus,8 pro,-2.00000003,145,sep,9,2020
1,1,1,samsung,s9,-3.000000119,340.9999847,aug,8,2020
13,13,13,samsung,s9,0,113.9999962,aug,8,2019
44,44,44,samsung,s9,-1.000000015,242.0000076,aug,8,2018
45,45,45,samsung,s9,1.000000015,240,aug,8,2018
46,46,46,samsung,s9,-1.000000015,180,aug,8,2018
129,129,129,samsung,s20,-3.000000119,162.0000076,aug,8,2020
130,130,130,samsung,s20,-3.000000119,83.00000191,aug,8,2020
131,131,131,samsung,s20,-2.00000003,110,aug,8,2020
206,206,206,samsung,m51,-1.000000015,80,aug,8,2020
207,207,207,samsung,m51,-1.000000015,59.00000095,aug,8,2020
208,208,208,samsung,m51,-1.000000015,123.9999962,aug,8,2020
209,209,209,samsung,m51,-2.00000003,120,aug,8,2020
210,210,210,samsung,m51,-3.000000119,120,aug,8,2020
211,211,211,samsung,m51,-4.00000006,95,aug,8,2020
212,212,212,samsung,m51,1.000000015,29.00000095,aug,8,2020
213,213,213,samsung,m51,-4.00000006,68.00000191,aug,8,2020
214,214,214,samsung,m51,-3.000000119,45,aug,8,2020
215,215,215,samsung,m51,-1.000000015,73.00000191,aug,8,2020
219,219,219,samsung,a51,-2.00000003,88.99999619,aug,8,2020
220,220,220,samsung,a51,-3.000000119,65.99999905,aug,8,2020
224,224,224,samsung,note20,-2.00000003,143.0000019,aug,8,2020
225,225,225,samsung,note20,-5,121.0000038,aug,8,2020
226,226,226,samsung,note20,-3.000000119,65.99999905,aug,8,2020
227,227,227,samsung,note20,-5,140,aug,8,2020
228,228,228,samsung,note20,-5,160,aug,8,2020
229,229,229,samsung,note20,-5,153.0000019,aug,8,2020
230,230,230,samsung,note20,-3.000000119,126.9999981,aug,8,2020
238,238,238,samsung,a11,-4.00000006,316.0000038,aug,8,2020
239,239,239,samsung,a11,-4.00000006,128.0000019,aug,8,2020
247,247,247,samsung,s10,0,237.0000076,aug,8,2020
279,279,279,samsung,s10,0,268.9999962,aug,8,2019
280,280,280,samsung,s10,0,167.0000076,aug,8,2019
281,281,281,samsung,s10,-2.00000003,150,aug,8,2019
323,323,323,samsung,note10,-2.00000003,123.9999962,aug,8,2020
324,324,324,samsung,note10,-3.000000119,148.9999962,aug,8,2020
325,325,325,samsung,note10,-2.00000003,181.0000038,aug,8,2020
354,354,354,oneplus,one,-1.000000015,138.9999962,aug,8,2018
366,366,366,oneplus,one,-2.00000003,151.0000038,aug,8,2016
394,394,394,oneplus,one,-3.000000119,207.9999924,aug,8,2015
395,395,395,oneplus,one,0,133.9999962,aug,8,2015
396,396,396,oneplus,one,-2.00000003,141.9999981,aug,8,2015
397,397,397,oneplus,one,0,130,aug,8,2015
398,398,398,oneplus,one,2.00000003,59.00000095,aug,8,2015
484,484,484,oneplus,one,-1.000000015,65,aug,8,2014
485,485,485,oneplus,one,-1.000000015,86.99999809,aug,8,2014
486,486,486,oneplus,one,1.000000015,128.0000019,aug,8,2014
487,487,487,oneplus,one,0,208.9999962,aug,8,2014
488,488,488,oneplus,one,-1.000000015,250,aug,8,2014
512,512,512,oneplus,2,1.000000015,115,aug,8,2019
515,515,515,oneplus,2,0,106.9999981,aug,8,2017
534,534,534,oneplus,2,-3.000000119,252.9999924,aug,8,2016
535,535,535,oneplus,2,0,302.9999924,aug,8,2016
611,611,611,oneplus,2,-1.000000015,367.0000076,aug,8,2015
612,612,612,oneplus,2,-3.000000119,121.9999981,aug,8,2015
613,613,613,oneplus,2,-2.00000003,123.9999962,aug,8,2015
614,614,614,oneplus,2,0,75.99999905,aug,8,2015
615,615,615,oneplus,2,-1.000000015,161.0000038,aug,8,2015
616,616,616,oneplus,2,-3.000000119,218.9999962,aug,8,2015
617,617,617,oneplus,2,-5,181.0000038,aug,8,2015
618,618,618,oneplus,2,-2.00000003,83.00000191,aug,8,2015
619,619,619,oneplus,2,-1.000000015,121.0000038,aug,8,2015
620,620,620,oneplus,2,-2.00000003,83.99999619,aug,8,2015
621,621,621,oneplus,2,-1.000000015,44.00000095,aug,8,2015
622,622,622,oneplus,2,-3.000000119,156.0000038,aug,8,2015
623,623,623,oneplus,2,-2.00000003,118.0000019,aug,8,2015
673,673,673,oneplus,x,-5,138.9999962,aug,8,2016
674,674,674,oneplus,x,-3.000000119,156.9999981,aug,8,2016
675,675,675,oneplus,x,-3.000000119,165,aug,8,2016
767,767,767,oneplus,3,-2.00000003,116.0000038,aug,8,2017
845,845,845,oneplus,3,0,113.9999962,aug,8,2016
846,846,846,oneplus,3,-2.00000003,131.9999981,aug,8,2016
847,847,847,oneplus,3,0,115,aug,8,2016
848,848,848,oneplus,3,-1.000000015,186.0000038,aug,8,2016
849,849,849,oneplus,3,0,532.0000076,aug,8,2016
850,850,850,oneplus,3,-2.00000003,245,aug,8,2016
851,851,851,oneplus,3,-2.00000003,253.9999962,aug,8,2016
852,852,852,oneplus,3,-4.00000006,272.9999924,aug,8,2016
853,853,853,oneplus,3,-2.00000003,156.9999981,aug,8,2016
854,854,854,oneplus,3,-2.00000003,136.9999981,aug,8,2016
855,855,855,oneplus,3,-2.00000003,156.0000038,aug,8,2016
856,856,856,oneplus,3,-2.00000003,141.9999981,aug,8,2016
857,857,857,oneplus,3,-2.00000003,120,aug,8,2016
858,858,858,oneplus,3,0,95,aug,8,2016
859,859,859,oneplus,3,-1.000000015,105,aug,8,2016
860,860,860,oneplus,3,-3.000000119,80,aug,8,2016
861,861,861,oneplus,3,0,133.0000019,aug,8,2016
862,862,862,oneplus,3,2.00000003,409.0000153,aug,8,2016
863,863,863,oneplus,3,0,110,aug,8,2016
864,864,864,oneplus,3,0,35,aug,8,2016
865,865,865,oneplus,3,-3.000000119,56.99999809,aug,8,2016
866,866,866,oneplus,3,1.000000015,148.0000019,aug,8,2016
967,967,967,oneplus,3t,0,111.9999981,aug,8,2017
968,968,968,oneplus,3t,-1.000000015,101.0000038,aug,8,2017
1102,1102,1102,oneplus,5,2.00000003,569.0000153,aug,8,2017
1103,1103,1103,oneplus,5,-4.00000006,176.0000038,aug,8,2017
1104,1104,1104,oneplus,5,-1.000000015,45,aug,8,2017
1105,1105,1105,oneplus,5,-1.000000015,98.00000191,aug,8,2017
1106,1106,1106,oneplus,5,-1.000000015,187.9999924,aug,8,2017
1107,1107,1107,oneplus,5,-4.00000006,44.00000095,aug,8,2017
1108,1108,1108,oneplus,5,-1.000000015,182.9999924,aug,8,2017
1109,1109,1109,oneplus,5,-4.00000006,222.0000076,aug,8,2017
1110,1110,1110,oneplus,5,-1.000000015,192.9999924,aug,8,2017
1111,1111,1111,oneplus,5,0,282.9999924,aug,8,2017
1112,1112,1112,oneplus,5,-1.000000015,163.9999962,aug,8,2017
1113,1113,1113,oneplus,5,-2.00000003,190,aug,8,2017
1114,1114,1114,oneplus,5,-2.00000003,161.0000038,aug,8,2017
1194,1194,1194,oneplus,5t,0,70.99999905,aug,8,2018
1195,1195,1195,oneplus,5t,-2.00000003,128.0000019,aug,8,2018
1288,1288,1288,oneplus,6,-3.000000119,200,aug,8,2018
1289,1289,1289,oneplus,6,-1.000000015,70.99999905,aug,8,2018
1290,1290,1290,oneplus,6,1.000000015,520.9999847,aug,8,2018
1291,1291,1291,oneplus,6,0,151.9999981,aug,8,2018
1292,1292,1292,oneplus,6,-2.00000003,145,aug,8,2018
1293,1293,1293,oneplus,6,-4.00000006,136.9999981,aug,8,2018
1365,1365,1365,oneplus,6t,0,32.00000048,aug,8,2020
1407,1407,1407,oneplus,7,-4.00000006,263.9999962,aug,8,2020
1419,1419,1419,oneplus,7,-3.000000119,106.9999981,aug,8,2019
1420,1420,1420,oneplus,7,-1.000000015,69.00000095,aug,8,2019
1421,1421,1421,oneplus,7,-4.00000006,126.9999981,aug,8,2019
1422,1422,1422,oneplus,7,0,100,aug,8,2019
1461,1461,1461,oneplus ,7 pro,-1.000000015,98.00000191,aug,8,2019
1462,1462,1462,oneplus ,7 pro,-1.000000015,156.9999981,aug,8,2019
1463,1463,1463,oneplus ,7 pro,-2.00000003,278.9999962,aug,8,2019
1464,1464,1464,oneplus ,7 pro,1.000000015,140,aug,8,2019
1500,1500,1500,oneplus,7t,0,231.0000038,aug,8,2020
1528,1528,1528,oneplus,7t pro,0,86.00000381,aug,8,2020
1544,1544,1544,oneplus,8,-1.000000015,63.00000191,aug,8,2020
1583,1583,1583,oneplus,8 pro,-3.000000119,120,aug,8,2020
1584,1584,1584,oneplus,8 pro,-1.000000015,81.99999809,aug,8,2020
1585,1585,1585,oneplus,8 pro,-2.00000003,115,aug,8,2020
2,2,2,samsung,s9,-3.000000119,133.0000019,jul,7,2020
14,14,14,samsung,s9,-4.00000006,145,jul,7,2019
47,47,47,samsung,s9,-2.00000003,201.0000038,jul,7,2018
48,48,48,samsung,s9,-3.000000119,105,jul,7,2018
49,49,49,samsung,s9,-2.00000003,123.0000019,jul,7,2018
50,50,50,samsung,s9,1.000000015,302.0000076,jul,7,2018
240,240,240,samsung,a11,-3.000000119,153.0000019,jul,7,2020
248,248,248,samsung,s10,-3.000000119,369.0000153,jul,7,2020
282,282,282,samsung,s10,0,243.9999962,jul,7,2019
283,283,283,samsung,s10,-1.000000015,197.0000076,jul,7,2019
284,284,284,samsung,s10,-3.000000119,166.0000038,jul,7,2019
285,285,285,samsung,s10,0,180,jul,7,2019
326,326,326,samsung,note10,-1.000000015,80,jul,7,2020
327,327,327,samsung,note10,-3.000000119,161.0000038,jul,7,2020
328,328,328,samsung,note10,-3.000000119,138.9999962,jul,7,2020
358,358,358,oneplus,one,-4.00000006,325.9999847,jul,7,2017
367,367,367,oneplus,one,-2.00000003,298.9999962,jul,7,2016
399,399,399,oneplus,one,1.000000015,65,jul,7,2015
400,400,400,oneplus,one,-4.00000006,228.9999962,jul,7,2015
401,401,401,oneplus,one,-4.00000006,301.0000038,jul,7,2015
402,402,402,oneplus,one,0,162.0000076,jul,7,2015
403,403,403,oneplus,one,-1.000000015,295,jul,7,2015
489,489,489,oneplus,one,-1.000000015,167.9999924,jul,7,2014
490,490,490,oneplus,one,-2.00000003,121.9999981,jul,7,2014
491,491,491,oneplus,one,-3.000000119,81.00000381,jul,7,2014
492,492,492,oneplus,one,-1.000000015,113.9999962,jul,7,2014
493,493,493,oneplus,one,0,69.00000095,jul,7,2014
516,516,516,oneplus,2,-3.000000119,41.99999809,jul,7,2017
536,536,536,oneplus,2,-2.00000003,307.0000076,jul,7,2016
537,537,537,oneplus,2,-2.00000003,192.0000076,jul,7,2016
538,538,538,oneplus,2,-2.00000003,193.9999962,jul,7,2016
624,624,624,oneplus,2,-3.000000119,126.9999981,jul,7,2015
625,625,625,oneplus,2,-3.000000119,246.0000038,jul,7,2015
626,626,626,oneplus,2,-4.00000006,138.0000019,jul,7,2015
627,627,627,oneplus,2,-4.00000006,138.9999962,jul,7,2015
628,628,628,oneplus,2,-2.00000003,115,jul,7,2015
629,629,629,oneplus,2,-3.000000119,207.9999924,jul,7,2015
630,630,630,oneplus,2,-3.000000119,105,jul,7,2015
631,631,631,oneplus,2,-2.00000003,79.00000095,jul,7,2015
632,632,632,oneplus,2,-2.00000003,78.00000191,jul,7,2015
633,633,633,oneplus,2,-2.00000003,90,jul,7,2015
634,634,634,oneplus,2,-3.000000119,103.9999962,jul,7,2015
635,635,635,oneplus,2,-3.000000119,69.00000095,jul,7,2015
636,636,636,oneplus,2,-5,55,jul,7,2015
638,638,638,oneplus,2,-4.00000006,115,jul,7,2015
639,639,639,oneplus,2,-2.00000003,10,jul,7,2015
640,640,640,oneplus,2,-3.000000119,90,jul,7,2015
641,641,641,oneplus,2,-4.00000006,55.99999905,jul,7,2015
660,660,660,oneplus,x,0,123.0000019,jul,7,2017
676,676,676,oneplus,x,0,64.00000095,jul,7,2016
677,677,677,oneplus,x,-2.00000003,290,jul,7,2016
678,678,678,oneplus,x,-1.000000015,212.9999924,jul,7,2016
679,679,679,oneplus,x,-2.00000003,103.9999962,jul,7,2016
680,680,680,oneplus,x,-1.000000015,178.9999962,jul,7,2016
867,867,867,oneplus,3,0,215,jul,7,2016
868,868,868,oneplus,3,0,143.9999962,jul,7,2016
869,869,869,oneplus,3,-2.00000003,108.0000019,jul,7,2016
870,870,870,oneplus,3,-1.000000015,128.0000019,jul,7,2016
871,871,871,oneplus,3,-1.000000015,130,jul,7,2016
872,872,872,oneplus,3,-1.000000015,103.0000019,jul,7,2016
873,873,873,oneplus,3,0,231.0000038,jul,7,2016
874,874,874,oneplus,3,0,76.99999809,jul,7,2016
875,875,875,oneplus,3,-2.00000003,170,jul,7,2016
876,876,876,oneplus,3,-4.00000006,113.0000019,jul,7,2016
877,877,877,oneplus,3,-2.00000003,73.00000191,jul,7,2016
878,878,878,oneplus,3,0,101.0000038,jul,7,2016
879,879,879,oneplus,3,-1.000000015,60.99999905,jul,7,2016
880,880,880,oneplus,3,0,202.9999924,jul,7,2016
881,881,881,oneplus,3,0,141.9999981,jul,7,2016
882,882,882,oneplus,3,-2.00000003,40.99999905,jul,7,2016
883,883,883,oneplus,3,-1.000000015,101.0000038,jul,7,2016
884,884,884,oneplus,3,0,123.0000019,jul,7,2016
885,885,885,oneplus,3,-2.00000003,85,jul,7,2016
886,886,886,oneplus,3,-3.000000119,55,jul,7,2016
887,887,887,oneplus,3,-3.000000119,76.99999809,jul,7,2016
888,888,888,oneplus,3,0,55.99999905,jul,7,2016
889,889,889,oneplus,3,1.000000015,41.99999809,jul,7,2016
969,969,969,oneplus,3t,0,96.00000381,jul,7,2017
970,970,970,oneplus,3t,-1.000000015,153.0000019,jul,7,2017
971,971,971,oneplus,3t,-3.000000119,192.9999924,jul,7,2017
972,972,972,oneplus,3t,-1.000000015,93.00000191,jul,7,2017
1056,1056,1056,oneplus,5,-2.00000003,110,jul,7,2019
1059,1059,1059,oneplus,5,-4.00000006,167.0000076,jul,7,2018
1115,1115,1115,oneplus,5,1.000000015,141.0000038,jul,7,2017
1116,1116,1116,oneplus,5,-2.00000003,131.9999981,jul,7,2017
1117,1117,1117,oneplus,5,-1.000000015,88.99999619,jul,7,2017
1118,1118,1118,oneplus,5,-1.000000015,155,jul,7,2017
1119,1119,1119,oneplus,5,0,131.0000038,jul,7,2017
1120,1120,1120,oneplus,5,-2.00000003,125,jul,7,2017
1121,1121,1121,oneplus,5,0,238.9999962,jul,7,2017
1122,1122,1122,oneplus,5,-1.000000015,257.0000076,jul,7,2017
1123,1123,1123,oneplus,5,-1.000000015,135,jul,7,2017
1124,1124,1124,oneplus,5,0,141.0000038,jul,7,2017
1125,1125,1125,oneplus,5,-2.00000003,101.0000038,jul,7,2017
1126,1126,1126,oneplus,5,-1.000000015,128.9999962,jul,7,2017
1127,1127,1127,oneplus,5,-2.00000003,497.9999924,jul,7,2017
1128,1128,1128,oneplus,5,-3.000000119,622.9999924,jul,7,2017
1129,1129,1129,oneplus,5,-1.000000015,342.9999924,jul,7,2017
1130,1130,1130,oneplus,5,-1.000000015,467.0000076,jul,7,2017
1131,1131,1131,oneplus,5,-2.00000003,126.0000038,jul,7,2017
1132,1132,1132,oneplus,5,-4.00000006,188.9999962,jul,7,2017
1133,1133,1133,oneplus,5,-3.000000119,430,jul,7,2017
1264,1264,1264,oneplus,6,-2.00000003,146.0000038,jul,7,2019
1265,1265,1265,oneplus,6,0,158.0000019,jul,7,2019
1294,1294,1294,oneplus,6,-1.000000015,232.9999924,jul,7,2018
1295,1295,1295,oneplus,6,0,80,jul,7,2018
1296,1296,1296,oneplus,6,-1.000000015,135,jul,7,2018
1297,1297,1297,oneplus,6,0,156.0000038,jul,7,2018
1298,1298,1298,oneplus,6,0,100,jul,7,2018
1299,1299,1299,oneplus,6,0,266.0000038,jul,7,2018
1300,1300,1300,oneplus,6,-3.000000119,177.0000076,jul,7,2018
1371,1371,1371,oneplus,6t,0,310,jul,7,2019
1372,1372,1372,oneplus,6t,0,76.99999809,jul,7,2019
1423,1423,1423,oneplus,7,0,205,jul,7,2019
1424,1424,1424,oneplus,7,3.000000119,88.99999619,jul,7,2019
1465,1465,1465,oneplus ,7 pro,-1.000000015,267.9999924,jul,7,2019
1466,1466,1466,oneplus ,7 pro,-3.000000119,118.9999962,jul,7,2019
1467,1467,1467,oneplus ,7 pro,-3.000000119,75,jul,7,2019
1468,1468,1468,oneplus ,7 pro,-3.000000119,172.0000076,jul,7,2019
1469,1469,1469,oneplus ,7 pro,0,176.0000038,jul,7,2019
1501,1501,1501,oneplus,7t,0,100,jul,7,2020
1502,1502,1502,oneplus,7t,0,140,jul,7,2020
1503,1503,1503,oneplus,7t,0,205,jul,7,2020
1545,1545,1545,oneplus,8,-1.000000015,115,jul,7,2020
1546,1546,1546,oneplus,8,0,186.0000038,jul,7,2020
1547,1547,1547,oneplus,8,-1.000000015,110,jul,7,2020
1586,1586,1586,oneplus,8 pro,-1.000000015,272.9999924,jul,7,2020
1587,1587,1587,oneplus,8 pro,-2.00000003,135,jul,7,2020
1588,1588,1588,oneplus,8 pro,-2.00000003,203.9999962,jul,7,2020
15,15,15,samsung,s9,-3.000000119,187.0000076,jun,6,2019
51,51,51,samsung,s9,-2.00000003,187.0000076,jun,6,2018
52,52,52,samsung,s9,3.000000119,260,jun,6,2018
53,53,53,samsung,s9,1.000000015,75.99999905,jun,6,2018
216,216,216,samsung,m51,-3.000000119,85,jun,6,2020
249,249,249,samsung,s10,-2.00000003,171.0000038,jun,6,2020
250,250,250,samsung,s10,-1.000000015,300,jun,6,2020
286,286,286,samsung,s10,0,251.0000038,jun,6,2019
287,287,287,samsung,s10,-1.000000015,382.0000076,jun,6,2019
288,288,288,samsung,s10,-2.00000003,355.9999847,jun,6,2019
329,329,329,samsung,note10,-1.000000015,148.9999962,jun,6,2020
330,330,330,samsung,note10,-1.000000015,163.9999962,jun,6,2020
359,359,359,oneplus,one,-1.000000015,286.0000038,jun,6,2017
368,368,368,oneplus,one,-2.00000003,228.9999962,jun,6,2016
404,404,404,oneplus,one,0,330.9999847,jun,6,2015
405,405,405,oneplus,one,-5,128.9999962,jun,6,2015
406,406,406,oneplus,one,0,136.0000038,jun,6,2015
407,407,407,oneplus,one,0,271.0000038,jun,6,2015
408,408,408,oneplus,one,-1.000000015,40,jun,6,2015
409,409,409,oneplus,one,-2.00000003,146.9999981,jun,6,2015
494,494,494,oneplus,one,0,250,jun,6,2014
495,495,495,oneplus,one,0,98.99999619,jun,6,2014
496,496,496,oneplus,one,-1.000000015,83.99999619,jun,6,2014
497,497,497,oneplus,one,-3.000000119,100,jun,6,2014
513,513,513,oneplus,2,0,156.9999981,jun,6,2018
539,539,539,oneplus,2,-3.000000119,190,jun,6,2016
540,540,540,oneplus,2,-3.000000119,101.9999981,jun,6,2016
541,541,541,oneplus,2,-5,255,jun,6,2016
542,542,542,oneplus,2,-5,98.99999619,jun,6,2016
543,543,543,oneplus,2,-4.00000006,121.9999981,jun,6,2016
544,544,544,oneplus,2,0,183.9999962,jun,6,2016
545,545,545,oneplus,2,-1.000000015,98.99999619,jun,6,2016
642,642,642,oneplus,2,-2.00000003,153.9999962,jun,6,2015
643,643,643,oneplus,2,-3.000000119,128.0000019,jun,6,2015
644,644,644,oneplus,2,-3.000000119,148.9999962,jun,6,2015
645,645,645,oneplus,2,-3.000000119,65.99999905,jun,6,2015
646,646,646,oneplus,2,-3.000000119,50,jun,6,2015
661,661,661,oneplus,x,0,98.99999619,jun,6,2017
681,681,681,oneplus,x,0,143.9999962,jun,6,2016
682,682,682,oneplus,x,-2.00000003,227.0000076,jun,6,2016
683,683,683,oneplus,x,0,128.0000019,jun,6,2016
684,684,684,oneplus,x,-1.000000015,171.0000038,jun,6,2016
760,760,760,oneplus,3,0,220,jun,6,2020
768,768,768,oneplus,3,-2.00000003,202.0000076,jun,6,2017
890,890,890,oneplus,3,-1.000000015,160,jun,6,2016
891,891,891,oneplus,3,-2.00000003,175,jun,6,2016
892,892,892,oneplus,3,0,93.00000191,jun,6,2016
893,893,893,oneplus,3,-1.000000015,80,jun,6,2016
894,894,894,oneplus,3,0,106.0000038,jun,6,2016
895,895,895,oneplus,3,0,69.00000095,jun,6,2016
896,896,896,oneplus,3,-1.000000015,101.9999981,jun,6,2016
897,897,897,oneplus,3,0,140,jun,6,2016
898,898,898,oneplus,3,0,133.0000019,jun,6,2016
899,899,899,oneplus,3,0,100,jun,6,2016
900,900,900,oneplus,3,-3.000000119,133.9999962,jun,6,2016
901,901,901,oneplus,3,0,211.0000038,jun,6,2016
902,902,902,oneplus,3,-2.00000003,327.0000076,jun,6,2016
903,903,903,oneplus,3,-4.00000006,91.00000381,jun,6,2016
904,904,904,oneplus,3,0,190,jun,6,2016
905,905,905,oneplus,3,0,170,jun,6,2016
906,906,906,oneplus,3,-1.000000015,180,jun,6,2016
907,907,907,oneplus,3,-1.000000015,146.0000038,jun,6,2016
908,908,908,oneplus,3,0,335,jun,6,2016
909,909,909,oneplus,3,0,192.0000076,jun,6,2016
910,910,910,oneplus,3,-3.000000119,156.0000038,jun,6,2016
911,911,911,oneplus,3,0,123.9999962,jun,6,2016
912,912,912,oneplus,3,-2.00000003,81.99999809,jun,6,2016
913,913,913,oneplus,3,0,170,jun,6,2016
914,914,914,oneplus,3,0,116.9999981,jun,6,2016
915,915,915,oneplus,3,0,175,jun,6,2016
916,916,916,oneplus,3,-3.000000119,158.0000019,jun,6,2016
917,917,917,oneplus,3,-3.000000119,93.00000191,jun,6,2016
918,918,918,oneplus,3,-1.000000015,118.0000019,jun,6,2016
919,919,919,oneplus,3,-3.000000119,270,jun,6,2016
920,920,920,oneplus,3,-4.00000006,128.9999962,jun,6,2016
921,921,921,oneplus,3,-2.00000003,123.9999962,jun,6,2016
922,922,922,oneplus,3,-3.000000119,50.99999905,jun,6,2016
923,923,923,oneplus,3,-1.000000015,146.9999981,jun,6,2016
924,924,924,oneplus,3,1.000000015,140,jun,6,2016
925,925,925,oneplus,3,-2.00000003,60.99999905,jun,6,2016
926,926,926,oneplus,3,-2.00000003,98.00000191,jun,6,2016
927,927,927,oneplus,3,-1.000000015,90,jun,6,2016
928,928,928,oneplus,3,-1.000000015,73.00000191,jun,6,2016
929,929,929,oneplus,3,0,177.0000076,jun,6,2016
930,930,930,oneplus,3,-4.00000006,205,jun,6,2016
931,931,931,oneplus,3,0,79.00000095,jun,6,2016
932,932,932,oneplus,3,-3.000000119,103.9999962,jun,6,2016
933,933,933,oneplus,3,-3.000000119,171.0000038,jun,6,2016
944,944,944,oneplus,3t,1.000000015,221.0000038,jun,6,2020
973,973,973,oneplus,3t,-5,180,jun,6,2017
974,974,974,oneplus,3t,-4.00000006,98.99999619,jun,6,2017
975,975,975,oneplus,3t,-3.000000119,168.9999962,jun,6,2017
976,976,976,oneplus,3t,-2.00000003,360,jun,6,2017
1054,1054,1054,oneplus,5,1.000000015,91.99999809,jun,6,2020
1060,1060,1060,oneplus,5,0,187.9999924,jun,6,2018
1134,1134,1134,oneplus,5,-3.000000119,455.9999847,jun,6,2017
1135,1135,1135,oneplus,5,-1.000000015,228.9999962,jun,6,2017
1136,1136,1136,oneplus,5,-2.00000003,116.0000038,jun,6,2017
1137,1137,1137,oneplus,5,0,158.0000019,jun,6,2017
1138,1138,1138,oneplus,5,-2.00000003,238.9999962,jun,6,2017
1139,1139,1139,oneplus,5,-2.00000003,136.9999981,jun,6,2017
1140,1140,1140,oneplus,5,-1.000000015,74.00000095,jun,6,2017
1141,1141,1141,oneplus,5,-1.000000015,131.9999981,jun,6,2017
1142,1142,1142,oneplus,5,-2.00000003,136.0000038,jun,6,2017
1143,1143,1143,oneplus,5,-3.000000119,245,jun,6,2017
1144,1144,1144,oneplus,5,0,302.0000076,jun,6,2017
1145,1145,1145,oneplus,5,-3.000000119,215,jun,6,2017
1146,1146,1146,oneplus,5,-2.00000003,128.0000019,jun,6,2017
1147,1147,1147,oneplus,5,-4.00000006,197.9999924,jun,6,2017
1148,1148,1148,oneplus,5,-3.000000119,126.0000038,jun,6,2017
1149,1149,1149,oneplus,5,-3.000000119,166.0000038,jun,6,2017
1150,1150,1150,oneplus,5,-2.00000003,187.9999924,jun,6,2017
1151,1151,1151,oneplus,5,-3.000000119,231.0000038,jun,6,2017
1152,1152,1152,oneplus,5,-4.00000006,136.0000038,jun,6,2017
1153,1153,1153,oneplus,5,-4.00000006,133.9999962,jun,6,2017
1154,1154,1154,oneplus,5,-3.000000119,73.00000191,jun,6,2017
1155,1155,1155,oneplus,5,-3.000000119,146.9999981,jun,6,2017
1156,1156,1156,oneplus,5,-4.00000006,63.00000191,jun,6,2017
1157,1157,1157,oneplus,5,-3.000000119,143.0000019,jun,6,2017
1158,1158,1158,oneplus,5,-3.000000119,74.00000095,jun,6,2017
1159,1159,1159,oneplus,5,-4.00000006,103.9999962,jun,6,2017
1160,1160,1160,oneplus,5,-1.000000015,39.00000095,jun,6,2017
1161,1161,1161,oneplus,5,-2.00000003,95,jun,6,2017
1162,1162,1162,oneplus,5,-3.000000119,120,jun,6,2017
1163,1163,1163,oneplus,5,-4.00000006,103.9999962,jun,6,2017
1164,1164,1164,oneplus,5,-2.00000003,143.0000019,jun,6,2017
1165,1165,1165,oneplus,5,-3.000000119,101.0000038,jun,6,2017
1166,1166,1166,oneplus,5,-2.00000003,121.0000038,jun,6,2017
1167,1167,1167,oneplus,5,-5,138.9999962,jun,6,2017
1168,1168,1168,oneplus,5,-3.000000119,130,jun,6,2017
1189,1189,1189,oneplus,5t,-1.000000015,63.00000191,jun,6,2019
1196,1196,1196,oneplus,5t,-3.000000119,125,jun,6,2018
1197,1197,1197,oneplus,5t,0,141.0000038,jun,6,2018
1301,1301,1301,oneplus,6,0,247.0000076,jun,6,2018
1302,1302,1302,oneplus,6,-1.000000015,212.0000076,jun,6,2018
1303,1303,1303,oneplus,6,-4.00000006,227.0000076,jun,6,2018
1304,1304,1304,oneplus,6,-1.000000015,257.0000076,jun,6,2018
1305,1305,1305,oneplus,6,0,133.0000019,jun,6,2018
1306,1306,1306,oneplus,6,0,172.0000076,jun,6,2018
1307,1307,1307,oneplus,6,0,305,jun,6,2018
1308,1308,1308,oneplus,6,0,75.99999905,jun,6,2018
1309,1309,1309,oneplus,6,-1.000000015,116.9999981,jun,6,2018
1310,1310,1310,oneplus,6,0,262.9999924,jun,6,2018
1311,1311,1311,oneplus,6,0,60,jun,6,2018
1312,1312,1312,oneplus,6,0,91.99999809,jun,6,2018
1313,1313,1313,oneplus,6,-1.000000015,95,jun,6,2018
1314,1314,1314,oneplus,6,1.000000015,292.0000076,jun,6,2018
1315,1315,1315,oneplus,6,-3.000000119,253.9999962,jun,6,2018
1425,1425,1425,oneplus,7,0,198.9999962,jun,6,2019
1426,1426,1426,oneplus,7,-1.000000015,215,jun,6,2019
1427,1427,1427,oneplus,7,-2.00000003,166.0000038,jun,6,2019
1428,1428,1428,oneplus,7,0,96.00000381,jun,6,2019
1429,1429,1429,oneplus,7,-1.000000015,69.00000095,jun,6,2019
1430,1430,1430,oneplus,7,-1.000000015,69.00000095,jun,6,2019
1450,1450,1450,oneplus ,7 pro,-1.000000015,30.99999905,jun,6,2020
1470,1470,1470,oneplus ,7 pro,1.000000015,286.0000038,jun,6,2019
1471,1471,1471,oneplus ,7 pro,-1.000000015,70.99999905,jun,6,2019
1472,1472,1472,oneplus ,7 pro,2.00000003,266.0000038,jun,6,2019
1473,1473,1473,oneplus ,7 pro,-3.000000119,83.00000191,jun,6,2019
1474,1474,1474,oneplus ,7 pro,-3.000000119,133.9999962,jun,6,2019
1475,1475,1475,oneplus ,7 pro,-3.000000119,108.0000019,jun,6,2019
1504,1504,1504,oneplus,7t,-1.000000015,64.00000095,jun,6,2020
1548,1548,1548,oneplus,8,-3.000000119,173.9999962,jun,6,2020
1549,1549,1549,oneplus,8,-3.000000119,111.0000038,jun,6,2020
1550,1550,1550,oneplus,8,-2.00000003,70,jun,6,2020
1589,1589,1589,oneplus,8 pro,-2.00000003,113.9999962,jun,6,2020
1590,1590,1590,oneplus,8 pro,-3.000000119,208.9999962,jun,6,2020
1591,1591,1591,oneplus,8 pro,-2.00000003,131.9999981,jun,6,2020
3,3,3,samsung,s9,-1.000000015,118.0000019,may,5,2020
16,16,16,samsung,s9,-1.000000015,200,may,5,2019
17,17,17,samsung,s9,-3.000000119,115,may,5,2019
54,54,54,samsung,s9,0,88.00000191,may,5,2018
55,55,55,samsung,s9,-2.00000003,83.00000191,may,5,2018
56,56,56,samsung,s9,-3.000000119,177.0000076,may,5,2018
241,241,241,samsung,a11,-4.00000006,103.0000019,may,5,2020
242,242,242,samsung,a11,-1.000000015,58.00000191,may,5,2020
251,251,251,samsung,s10,-4.00000006,241.0000038,may,5,2020
289,289,289,samsung,s10,-2.00000003,176.0000038,may,5,2019
290,290,290,samsung,s10,-2.00000003,143.0000019,may,5,2019
291,291,291,samsung,s10,0,276.0000038,may,5,2019
332,332,332,samsung,note10,-2.00000003,156.0000038,may,5,2020
369,369,369,oneplus,one,-2.00000003,113.0000019,may,5,2016
370,370,370,oneplus,one,-3.000000119,240,may,5,2016
371,371,371,oneplus,one,-4.00000006,253.9999962,may,5,2016
372,372,372,oneplus,one,-4.00000006,167.0000076,may,5,2016
410,410,410,oneplus,one,-4.00000006,212.9999924,may,5,2015
411,411,411,oneplus,one,-3.000000119,215,may,5,2015
412,412,412,oneplus,one,-1.000000015,141.0000038,may,5,2015
413,413,413,oneplus,one,-1.000000015,128.0000019,may,5,2015
414,414,414,oneplus,one,-1.000000015,116.9999981,may,5,2015
415,415,415,oneplus,one,-5,172.9999924,may,5,2015
416,416,416,oneplus,one,0,126.0000038,may,5,2015
417,417,417,oneplus,one,-4.00000006,86.99999809,may,5,2015
418,418,418,oneplus,one,-4.00000006,63.00000191,may,5,2015
498,498,498,oneplus,one,-3.000000119,118.0000019,may,5,2014
499,499,499,oneplus,one,-4.00000006,123.0000019,may,5,2014
500,500,500,oneplus,one,-3.000000119,25.99999905,may,5,2014
501,501,501,oneplus,one,-3.000000119,58.00000191,may,5,2014
502,502,502,oneplus,one,-1.000000015,192.9999924,may,5,2014
503,503,503,oneplus,one,-3.000000119,95,may,5,2014
517,517,517,oneplus,2,-4.00000006,138.0000019,may,5,2017
546,546,546,oneplus,2,-2.00000003,156.9999981,may,5,2016
547,547,547,oneplus,2,-1.000000015,158.9999962,may,5,2016
548,548,548,oneplus,2,-3.000000119,305,may,5,2016
549,549,549,oneplus,2,-4.00000006,170,may,5,2016
550,550,550,oneplus,2,-4.00000006,180,may,5,2016
647,647,647,oneplus,2,-2.00000003,131.0000038,may,5,2015
648,648,648,oneplus,2,-2.00000003,81.99999809,may,5,2015
649,649,649,oneplus,2,-1.000000015,148.9999962,may,5,2015
650,650,650,oneplus,2,0,111.0000038,may,5,2015
659,659,659,oneplus,x,0,160,may,5,2018
685,685,685,oneplus,x,0,232.9999924,may,5,2016
686,686,686,oneplus,x,-1.000000015,75.99999905,may,5,2016
687,687,687,oneplus,x,-1.000000015,135,may,5,2016
688,688,688,oneplus,x,-1.000000015,187.9999924,may,5,2016
689,689,689,oneplus,x,-1.000000015,121.0000038,may,5,2016
769,769,769,oneplus,3,-4.00000006,499.0000153,may,5,2017
934,934,934,oneplus,3,-3.000000119,81.00000381,may,5,2016
935,935,935,oneplus,3,-4.00000006,105,may,5,2016
936,936,936,oneplus,3,-3.000000119,176.0000038,may,5,2016
937,937,937,oneplus,3,-3.000000119,68.00000191,may,5,2016
938,938,938,oneplus,3,0,138.9999962,may,5,2016
939,939,939,oneplus,3,-1.000000015,111.9999981,may,5,2016
947,947,947,oneplus,3t,-1.000000015,108.9999962,may,5,2019
977,977,977,oneplus,3t,0,266.0000038,may,5,2017
978,978,978,oneplus,3t,-3.000000119,140,may,5,2017
979,979,979,oneplus,3t,-1.000000015,128.0000019,may,5,2017
980,980,980,oneplus,3t,-1.000000015,70.99999905,may,5,2017
981,981,981,oneplus,3t,0,183.9999962,may,5,2017
982,982,982,oneplus,3t,-1.000000015,146.0000038,may,5,2017
1169,1169,1169,oneplus,5,-4.00000006,93.99999619,may,5,2017
1170,1170,1170,oneplus,5,-2.00000003,34.00000095,may,5,2017
1171,1171,1171,oneplus,5,-3.000000119,198.9999962,may,5,2017
1172,1172,1172,oneplus,5,-2.00000003,78.00000191,may,5,2017
1173,1173,1173,oneplus,5,-2.00000003,95,may,5,2017
1174,1174,1174,oneplus,5,-4.00000006,90,may,5,2017
1190,1190,1190,oneplus,5t,-2.00000003,126.9999981,may,5,2019
1198,1198,1198,oneplus,5t,0,106.0000038,may,5,2018
1199,1199,1199,oneplus,5t,0,79.00000095,may,5,2018
1200,1200,1200,oneplus,5t,0,81.00000381,may,5,2018
1201,1201,1201,oneplus,5t,-1.000000015,143.9999962,may,5,2018
1266,1266,1266,oneplus,6,-2.00000003,136.9999981,may,5,2019
1267,1267,1267,oneplus,6,-1.000000015,196.0000038,may,5,2019
1316,1316,1316,oneplus,6,-1.000000015,123.0000019,may,5,2018
1317,1317,1317,oneplus,6,-1.000000015,86.00000381,may,5,2018
1318,1318,1318,oneplus,6,0,202.9999924,may,5,2018
1319,1319,1319,oneplus,6,-1.000000015,247.0000076,may,5,2018
1320,1320,1320,oneplus,6,-2.00000003,81.00000381,may,5,2018
1321,1321,1321,oneplus,6,0,162.0000076,may,5,2018
1322,1322,1322,oneplus,6,-2.00000003,143.9999962,may,5,2018
1323,1323,1323,oneplus,6,-1.000000015,79.00000095,may,5,2018
1324,1324,1324,oneplus,6,-6.000000238,74.00000095,may,5,2018
1325,1325,1325,oneplus,6,-1.000000015,220,may,5,2018
1326,1326,1326,oneplus,6,-1.000000015,110,may,5,2018
1327,1327,1327,oneplus,6,-1.000000015,115,may,5,2018
1328,1328,1328,oneplus,6,-1.000000015,133.0000019,may,5,2018
1329,1329,1329,oneplus,6,-5,88.99999619,may,5,2018
1330,1330,1330,oneplus,6,-3.000000119,166.0000038,may,5,2018
1331,1331,1331,oneplus,6,-2.00000003,79.00000095,may,5,2018
1332,1332,1332,oneplus,6,-2.00000003,116.0000038,may,5,2018
1333,1333,1333,oneplus,6,-1.000000015,111.9999981,may,5,2018
1334,1334,1334,oneplus,6,-2.00000003,120,may,5,2018
1335,1335,1335,oneplus,6,-2.00000003,283.9999962,may,5,2018
1336,1336,1336,oneplus,6,-2.00000003,153.0000019,may,5,2018
1337,1337,1337,oneplus,6,-2.00000003,307.0000076,may,5,2018
1338,1338,1338,oneplus,6,-2.00000003,162.9999924,may,5,2018
1339,1339,1339,oneplus,6,-4.00000006,271.0000038,may,5,2018
1340,1340,1340,oneplus,6,-3.000000119,140,may,5,2018
1341,1341,1341,oneplus,6,-5,63.00000191,may,5,2018
1342,1342,1342,oneplus,6,-3.000000119,126.9999981,may,5,2018
1343,1343,1343,oneplus,6,-1.000000015,113.9999962,may,5,2018
1344,1344,1344,oneplus,6,1.000000015,168.9999962,may,5,2018
1345,1345,1345,oneplus,6,-2.00000003,156.0000038,may,5,2018
1346,1346,1346,oneplus,6,-2.00000003,156.9999981,may,5,2018
1366,1366,1366,oneplus,6t,0,206.0000038,may,5,2020
1373,1373,1373,oneplus,6t,0,71.99999809,may,5,2019
1374,1374,1374,oneplus,6t,0,70,may,5,2019
1431,1431,1431,oneplus,7,-2.00000003,91.00000381,may,5,2019
1432,1432,1432,oneplus,7,-3.000000119,120,may,5,2019
1433,1433,1433,oneplus,7,-4.00000006,111.0000038,may,5,2019
1434,1434,1434,oneplus,7,-4.00000006,153.9999962,may,5,2019
1435,1435,1435,oneplus,7,-2.00000003,61.99999809,may,5,2019
1436,1436,1436,oneplus,7,0,153.0000019,may,5,2019
1437,1437,1437,oneplus,7,-2.00000003,200,may,5,2019
1438,1438,1438,oneplus,7,-3.000000119,118.9999962,may,5,2019
1439,1439,1439,oneplus,7,-4.00000006,192.0000076,may,5,2019
1451,1451,1451,oneplus ,7 pro,0,83.99999619,may,5,2020
1476,1476,1476,oneplus ,7 pro,-3.000000119,186.0000038,may,5,2019
1477,1477,1477,oneplus ,7 pro,-4.00000006,182.0000076,may,5,2019
1478,1478,1478,oneplus ,7 pro,-3.000000119,81.00000381,may,5,2019
1479,1479,1479,oneplus ,7 pro,0,69.00000095,may,5,2019
1480,1480,1480,oneplus ,7 pro,0,141.0000038,may,5,2019
1481,1481,1481,oneplus ,7 pro,0,116.0000038,may,5,2019
1482,1482,1482,oneplus ,7 pro,-2.00000003,235,may,5,2019
1483,1483,1483,oneplus ,7 pro,-1.000000015,158.9999962,may,5,2019
1484,1484,1484,oneplus ,7 pro,-4.00000006,230,may,5,2019
1485,1485,1485,oneplus ,7 pro,-2.00000003,136.9999981,may,5,2019
1486,1486,1486,oneplus ,7 pro,-3.000000119,143.0000019,may,5,2019
1487,1487,1487,oneplus ,7 pro,-3.000000119,108.9999962,may,5,2019
1488,1488,1488,oneplus ,7 pro,-4.00000006,178.9999962,may,5,2019
1489,1489,1489,oneplus ,7 pro,-3.000000119,113.9999962,may,5,2019
1490,1490,1490,oneplus ,7 pro,-2.00000003,151.0000038,may,5,2019
1491,1491,1491,oneplus ,7 pro,-3.000000119,163.9999962,may,5,2019
1492,1492,1492,oneplus ,7 pro,-3.000000119,148.0000019,may,5,2019
1493,1493,1493,oneplus ,7 pro,-3.000000119,125,may,5,2019
1494,1494,1494,oneplus ,7 pro,-3.000000119,125,may,5,2019
1495,1495,1495,oneplus ,7 pro,-1.000000015,75.99999905,may,5,2019
1496,1496,1496,oneplus ,7 pro,-4.00000006,103.9999962,may,5,2019
1497,1497,1497,oneplus ,7 pro,-4.00000006,222.9999924,may,5,2019
1505,1505,1505,oneplus,7t,0,98.00000191,may,5,2020
1529,1529,1529,oneplus,7t pro,-3.000000119,115,may,5,2020
1551,1551,1551,oneplus,8,-1.000000015,206.0000038,may,5,2020
1552,1552,1552,oneplus,8,-2.00000003,230,may,5,2020
1592,1592,1592,oneplus,8 pro,-2.00000003,123.9999962,may,5,2020
1593,1593,1593,oneplus,8 pro,-3.000000119,198.9999962,may,5,2020
1594,1594,1594,oneplus,8 pro,-3.000000119,121.0000038,may,5,2020
4,4,4,samsung,s9,0,158.9999962,apr,4,2020
18,18,18,samsung,s9,-3.000000119,172.0000076,apr,4,2019
57,57,57,samsung,s9,-1.000000015,206.0000038,apr,4,2018
58,58,58,samsung,s9,-1.000000015,240,apr,4,2018
59,59,59,samsung,s9,-1.000000015,175,apr,4,2018
60,60,60,samsung,s9,-3.000000119,277.9999924,apr,4,2018
252,252,252,samsung,s10,0,187.0000076,apr,4,2020
253,253,253,samsung,s10,0,175,apr,4,2020
292,292,292,samsung,s10,-1.000000015,354.0000153,apr,4,2019
293,293,293,samsung,s10,-1.000000015,207.9999924,apr,4,2019
294,294,294,samsung,s10,-2.00000003,161.0000038,apr,4,2019
295,295,295,samsung,s10,-3.000000119,237.0000076,apr,4,2019
333,333,333,samsung,note10,0,167.9999924,apr,4,2020
334,334,334,samsung,note10,-2.00000003,255,apr,4,2020
352,352,352,oneplus,one,-2.00000003,116.9999981,apr,4,2020
373,373,373,oneplus,one,0,103.0000019,apr,4,2016
374,374,374,oneplus,one,-3.000000119,397.9999924,apr,4,2016
419,419,419,oneplus,one,0,355.9999847,apr,4,2015
420,420,420,oneplus,one,-4.00000006,121.0000038,apr,4,2015
421,421,421,oneplus,one,-2.00000003,252.0000076,apr,4,2015
422,422,422,oneplus,one,-5,202.9999924,apr,4,2015
423,423,423,oneplus,one,-5,96.00000381,apr,4,2015
424,424,424,oneplus,one,-1.000000015,218.9999962,apr,4,2015
425,425,425,oneplus,one,-1.000000015,60.99999905,apr,4,2015
426,426,426,oneplus,one,-1.000000015,113.9999962,apr,4,2015
427,427,427,oneplus,one,-3.000000119,111.9999981,apr,4,2015
504,504,504,oneplus,one,0,49.00000095,apr,4,2014
505,505,505,oneplus,one,-2.00000003,186.0000038,apr,4,2014
506,506,506,oneplus,one,-1.000000015,56.99999809,apr,4,2014
507,507,507,oneplus,one,-2.00000003,27.00000048,apr,4,2014
508,508,508,oneplus,one,0,41.99999809,apr,4,2014
509,509,509,oneplus,one,-1.000000015,75,apr,4,2014
510,510,510,oneplus,one,-2.00000003,121.9999981,apr,4,2014
551,551,551,oneplus,2,-2.00000003,207.0000076,apr,4,2016
552,552,552,oneplus,2,-1.000000015,308.9999962,apr,4,2016
553,553,553,oneplus,2,0,121.9999981,apr,4,2016
554,554,554,oneplus,2,0,148.0000019,apr,4,2016
555,555,555,oneplus,2,-2.00000003,202.9999924,apr,4,2016
651,651,651,oneplus,2,-2.00000003,60.99999905,apr,4,2015
690,690,690,oneplus,x,-1.000000015,140,apr,4,2016
691,691,691,oneplus,x,-3.000000119,168.9999962,apr,4,2016
692,692,692,oneplus,x,0,281.0000038,apr,4,2016
693,693,693,oneplus,x,0,168.9999962,apr,4,2016
694,694,694,oneplus,x,-3.000000119,138.9999962,apr,4,2016
695,695,695,oneplus,x,0,113.9999962,apr,4,2016
770,770,770,oneplus,3,-1.000000015,202.0000076,apr,4,2017
771,771,771,oneplus,3,-2.00000003,181.0000038,apr,4,2017
940,940,940,oneplus,3,-1.000000015,70.99999905,apr,4,2016
941,941,941,oneplus,3,0,98.99999619,apr,4,2016
951,951,951,oneplus,3t,-1.000000015,227.9999924,apr,4,2018
983,983,983,oneplus,3t,-3.000000119,93.00000191,apr,4,2017
984,984,984,oneplus,3t,-2.00000003,153.9999962,apr,4,2017
985,985,985,oneplus,3t,-2.00000003,202.9999924,apr,4,2017
986,986,986,oneplus,3t,0,64.00000095,apr,4,2017
987,987,987,oneplus,3t,-2.00000003,105,apr,4,2017
988,988,988,oneplus,3t,-1.000000015,101.9999981,apr,4,2017
989,989,989,oneplus,3t,-1.000000015,73.00000191,apr,4,2017
990,990,990,oneplus,3t,-2.00000003,125,apr,4,2017
991,991,991,oneplus,3t,-2.00000003,227.9999924,apr,4,2017
992,992,992,oneplus,3t,0,98.99999619,apr,4,2017
1061,1061,1061,oneplus,5,0,201.0000038,apr,4,2018
1175,1175,1175,oneplus,5,-2.00000003,136.0000038,apr,4,2017
1176,1176,1176,oneplus,5,0,75,apr,4,2017
1177,1177,1177,oneplus,5,-2.00000003,182.9999924,apr,4,2017
1178,1178,1178,oneplus,5,-3.000000119,98.00000191,apr,4,2017
1179,1179,1179,oneplus,5,-2.00000003,81.99999809,apr,4,2017
1180,1180,1180,oneplus,5,-4.00000006,93.00000191,apr,4,2017
1181,1181,1181,oneplus,5,-4.00000006,88.99999619,apr,4,2017
1182,1182,1182,oneplus,5,-3.000000119,130,apr,4,2017
1183,1183,1183,oneplus,5,-4.00000006,118.9999962,apr,4,2017
1184,1184,1184,oneplus,5,-2.00000003,145,apr,4,2017
1185,1185,1185,oneplus,5,-3.000000119,173.9999962,apr,4,2017
1186,1186,1186,oneplus,5,-3.000000119,101.9999981,apr,4,2017
1202,1202,1202,oneplus,5t,-2.00000003,212.0000076,apr,4,2018
1203,1203,1203,oneplus,5t,0,105,apr,4,2018
1204,1204,1204,oneplus,5t,0,138.9999962,apr,4,2018
1205,1205,1205,oneplus,5t,-2.00000003,96.00000381,apr,4,2018
1268,1268,1268,oneplus,6,-2.00000003,79.00000095,apr,4,2019
1347,1347,1347,oneplus,6,-4.00000006,111.0000038,apr,4,2018
1348,1348,1348,oneplus,6,-3.000000119,106.9999981,apr,4,2018
1349,1349,1349,oneplus,6,0,158.9999962,apr,4,2018
1350,1350,1350,oneplus,6,-3.000000119,49.00000095,apr,4,2018
1351,1351,1351,oneplus,6,-4.00000006,63.00000191,apr,4,2018
1352,1352,1352,oneplus,6,-2.00000003,173.9999962,apr,4,2018
1353,1353,1353,oneplus,6,-3.000000119,70.99999905,apr,4,2018
1354,1354,1354,oneplus,6,-2.00000003,111.0000038,apr,4,2018
1375,1375,1375,oneplus,6t,-2.00000003,79.00000095,apr,4,2019
1408,1408,1408,oneplus,7,-5,172.0000076,apr,4,2020
1440,1440,1440,oneplus,7,-2.00000003,113.0000019,apr,4,2019
1441,1441,1441,oneplus,7,-2.00000003,202.9999924,apr,4,2019
1442,1442,1442,oneplus,7,-4.00000006,81.99999809,apr,4,2019
1452,1452,1452,oneplus ,7 pro,0,143.0000019,apr,4,2020
1506,1506,1506,oneplus,7t,0,96.00000381,apr,4,2020
1553,1553,1553,oneplus,8,0,65,apr,4,2020
1554,1554,1554,oneplus,8,-3.000000119,113.9999962,apr,4,2020
1555,1555,1555,oneplus,8,-2.00000003,153.0000019,apr,4,2020
1556,1556,1556,oneplus,8,-3.000000119,96.00000381,apr,4,2020
1595,1595,1595,oneplus,8 pro,-5,138.9999962,apr,4,2020
1596,1596,1596,oneplus,8 pro,-2.00000003,245,apr,4,2020
1597,1597,1597,oneplus,8 pro,-3.000000119,187.9999924,apr,4,2020
1598,1598,1598,oneplus,8 pro,-4.00000006,167.0000076,apr,4,2020
1599,1599,1599,oneplus,8 pro,-1.000000015,162.0000076,apr,4,2020
1600,1600,1600,oneplus,8 pro,-2.00000003,125,apr,4,2020
1601,1601,1601,oneplus,8 pro,-3.000000119,113.0000019,apr,4,2020
1602,1602,1602,oneplus,8 pro,-2.00000003,96.99999809,apr,4,2020
1603,1603,1603,oneplus,8 pro,-1.000000015,128.9999962,apr,4,2020
1604,1604,1604,oneplus,8 pro,-2.00000003,111.9999981,apr,4,2020
1605,1605,1605,oneplus,8 pro,-4.00000006,138.0000019,apr,4,2020
1606,1606,1606,oneplus,8 pro,-4.00000006,146.9999981,apr,4,2020
1607,1607,1607,oneplus,8 pro,-1.000000015,103.0000019,apr,4,2020
1608,1608,1608,oneplus,8 pro,-3.000000119,86.99999809,apr,4,2020
1609,1609,1609,oneplus,8 pro,-4.00000006,66.99999809,apr,4,2020
1610,1610,1610,oneplus,8 pro,-1.000000015,116.9999981,apr,4,2020
1611,1611,1611,oneplus,8 pro,-2.00000003,121.9999981,apr,4,2020
1612,1612,1612,oneplus,8 pro,-3.000000119,150,apr,4,2020
5,5,5,samsung,s9,-1.000000015,141.0000038,mar,3,2020
19,19,19,samsung,s9,-2.00000003,265,mar,3,2019
20,20,20,samsung,s9,-1.000000015,217.0000076,mar,3,2019
61,61,61,samsung,s9,-1.000000015,272.9999924,mar,3,2018
62,62,62,samsung,s9,-1.000000015,148.9999962,mar,3,2018
63,63,63,samsung,s9,-2.00000003,181.0000038,mar,3,2018
64,64,64,samsung,s9,-2.00000003,238.9999962,mar,3,2018
65,65,65,samsung,s9,-3.000000119,238.9999962,mar,3,2018
66,66,66,samsung,s9,-3.000000119,208.9999962,mar,3,2018
67,67,67,samsung,s9,-2.00000003,223.9999962,mar,3,2018
68,68,68,samsung,s9,-1.000000015,178.9999962,mar,3,2018
69,69,69,samsung,s9,0,262.0000076,mar,3,2018
70,70,70,samsung,s9,-2.00000003,101.0000038,mar,3,2018
71,71,71,samsung,s9,-2.00000003,125,mar,3,2018
72,72,72,samsung,s9,0,141.9999981,mar,3,2018
217,217,217,samsung,m51,-4.00000006,68.00000191,mar,3,2020
243,243,243,samsung,a11,-4.00000006,113.0000019,mar,3,2020
254,254,254,samsung,s10,0,121.0000038,mar,3,2020
296,296,296,samsung,s10,-2.00000003,133.0000019,mar,3,2019
297,297,297,samsung,s10,-5,130,mar,3,2019
298,298,298,samsung,s10,-3.000000119,267.9999924,mar,3,2019
299,299,299,samsung,s10,-4.00000006,207.9999924,mar,3,2019
300,300,300,samsung,s10,-3.000000119,332.9999924,mar,3,2019
301,301,301,samsung,s10,-4.00000006,110,mar,3,2019
302,302,302,samsung,s10,-2.00000003,285,mar,3,2019
303,303,303,samsung,s10,-3.000000119,118.9999962,mar,3,2019
304,304,304,samsung,s10,0,85,mar,3,2019
335,335,335,samsung,note10,0,86.99999809,mar,3,2020
336,336,336,samsung,note10,-2.00000003,156.0000038,mar,3,2020
360,360,360,oneplus,one,-1.000000015,116.0000038,mar,3,2017
375,375,375,oneplus,one,-3.000000119,140,mar,3,2016
428,428,428,oneplus,one,-1.000000015,297.9999924,mar,3,2015
429,429,429,oneplus,one,-4.00000006,141.9999981,mar,3,2015
430,430,430,oneplus,one,-2.00000003,175,mar,3,2015
431,431,431,oneplus,one,-2.00000003,116.9999981,mar,3,2015
432,432,432,oneplus,one,-2.00000003,143.0000019,mar,3,2015
433,433,433,oneplus,one,0,325,mar,3,2015
434,434,434,oneplus,one,-1.000000015,232.0000076,mar,3,2015
435,435,435,oneplus,one,-3.000000119,208.9999962,mar,3,2015
436,436,436,oneplus,one,-1.000000015,79.00000095,mar,3,2015
437,437,437,oneplus,one,-1.000000015,58.00000191,mar,3,2015
438,438,438,oneplus,one,0,397.9999924,mar,3,2015
518,518,518,oneplus,2,-3.000000119,83.00000191,mar,3,2017
556,556,556,oneplus,2,-4.00000006,182.9999924,mar,3,2016
557,557,557,oneplus,2,0,116.9999981,mar,3,2016
558,558,558,oneplus,2,-3.000000119,183.9999962,mar,3,2016
559,559,559,oneplus,2,-4.00000006,345,mar,3,2016
652,652,652,oneplus,2,-3.000000119,27.00000048,mar,3,2015
662,662,662,oneplus,x,-5,88.99999619,mar,3,2017
696,696,696,oneplus,x,-2.00000003,110,mar,3,2016
697,697,697,oneplus,x,-1.000000015,83.00000191,mar,3,2016
698,698,698,oneplus,x,-3.000000119,93.99999619,mar,3,2016
699,699,699,oneplus,x,0,262.9999924,mar,3,2016
700,700,700,oneplus,x,0,172.0000076,mar,3,2016
772,772,772,oneplus,3,-1.000000015,108.0000019,mar,3,2017
773,773,773,oneplus,3,0,188.9999962,mar,3,2017
774,774,774,oneplus,3,-3.000000119,143.0000019,mar,3,2017
942,942,942,oneplus,3,-1.000000015,115,mar,3,2016
943,943,943,oneplus,3,-4.00000006,230,mar,3,2016
952,952,952,oneplus,3t,-4.00000006,197.9999924,mar,3,2018
993,993,993,oneplus,3t,-1.000000015,123.0000019,mar,3,2017
994,994,994,oneplus,3t,2.00000003,292.9999924,mar,3,2017
995,995,995,oneplus,3t,-2.00000003,171.0000038,mar,3,2017
996,996,996,oneplus,3t,0,156.0000038,mar,3,2017
997,997,997,oneplus,3t,0,180,mar,3,2017
998,998,998,oneplus,3t,0,86.99999809,mar,3,2017
999,999,999,oneplus,3t,-1.000000015,345.9999847,mar,3,2017
1000,1000,1000,oneplus,3t,-1.000000015,88.99999619,mar,3,2017
1001,1001,1001,oneplus,3t,0,136.9999981,mar,3,2017
1002,1002,1002,oneplus,3t,0,136.9999981,mar,3,2017
1062,1062,1062,oneplus,5,-2.00000003,60.99999905,mar,3,2018
1206,1206,1206,oneplus,5t,1.000000015,88.99999619,mar,3,2018
1207,1207,1207,oneplus,5t,-2.00000003,111.9999981,mar,3,2018
1208,1208,1208,oneplus,5t,0,193.9999962,mar,3,2018
1209,1209,1209,oneplus,5t,0,128.0000019,mar,3,2018
1210,1210,1210,oneplus,5t,-2.00000003,56.99999809,mar,3,2018
1211,1211,1211,oneplus,5t,0,171.0000038,mar,3,2018
1261,1261,1261,oneplus,6,-2.00000003,172.0000076,mar,3,2020
1269,1269,1269,oneplus,6,0,211.0000038,mar,3,2019
1355,1355,1355,oneplus,6,0,123.0000019,mar,3,2018
1356,1356,1356,oneplus,6,-3.000000119,128.0000019,mar,3,2018
1357,1357,1357,oneplus,6,-2.00000003,113.0000019,mar,3,2018
1358,1358,1358,oneplus,6,-4.00000006,143.9999962,mar,3,2018
1359,1359,1359,oneplus,6,-2.00000003,68.00000191,mar,3,2018
1360,1360,1360,oneplus,6,-4.00000006,113.9999962,mar,3,2018
1361,1361,1361,oneplus,6,-4.00000006,160,mar,3,2018
1363,1363,1363,oneplus,6,-4.00000006,103.0000019,mar,3,2018
1376,1376,1376,oneplus,6t,-2.00000003,113.9999962,mar,3,2019
1377,1377,1377,oneplus,6t,0,183.9999962,mar,3,2019
1443,1443,1443,oneplus,7,-2.00000003,126.0000038,mar,3,2019
1444,1444,1444,oneplus,7,-4.00000006,123.9999962,mar,3,2019
1445,1445,1445,oneplus,7,-4.00000006,213.9999962,mar,3,2019
1446,1446,1446,oneplus,7,-2.00000003,187.0000076,mar,3,2019
1507,1507,1507,oneplus,7t,-2.00000003,228.9999962,mar,3,2020
1508,1508,1508,oneplus,7t,0,182.0000076,mar,3,2020
1530,1530,1530,oneplus,7t pro,0,228.9999962,mar,3,2020
1557,1557,1557,oneplus,8,-3.000000119,166.0000038,mar,3,2020
1613,1613,1613,oneplus,8 pro,-3.000000119,240,mar,3,2020
1614,1614,1614,oneplus,8 pro,-2.00000003,108.0000019,mar,3,2020
1615,1615,1615,oneplus,8 pro,-4.00000006,65.99999905,mar,3,2020
6,6,6,samsung,s9,-1.000000015,123.0000019,feb,2,2020
21,21,21,samsung,s9,-2.00000003,298.9999962,feb,2,2019
22,22,22,samsung,s9,-3.000000119,367.0000076,feb,2,2019
23,23,23,samsung,s9,-4.00000006,372.9999924,feb,2,2019
73,73,73,samsung,s9,-3.000000119,85,feb,2,2018
74,74,74,samsung,s9,-3.000000119,162.0000076,feb,2,2018
75,75,75,samsung,s9,0,148.0000019,feb,2,2018
76,76,76,samsung,s9,-1.000000015,162.0000076,feb,2,2018
77,77,77,samsung,s9,-3.000000119,111.0000038,feb,2,2018
78,78,78,samsung,s9,0,175,feb,2,2018
79,79,79,samsung,s9,-1.000000015,166.0000038,feb,2,2018
80,80,80,samsung,s9,-2.00000003,113.0000019,feb,2,2018
81,81,81,samsung,s9,-1.000000015,267.9999924,feb,2,2018
82,82,82,samsung,s9,-4.00000006,53.00000191,feb,2,2018
83,83,83,samsung,s9,-2.00000003,59.00000095,feb,2,2018
84,84,84,samsung,s9,-4.00000006,151.0000038,feb,2,2018
85,85,85,samsung,s9,-3.000000119,126.0000038,feb,2,2018
255,255,255,samsung,s10,0,307.0000076,feb,2,2020
256,256,256,samsung,s10,-2.00000003,362.9999924,feb,2,2020
257,257,257,samsung,s10,0,410,feb,2,2020
305,305,305,samsung,s10,-3.000000119,175,feb,2,2019
306,306,306,samsung,s10,-3.000000119,202.9999924,feb,2,2019
307,307,307,samsung,s10,-1.000000015,115,feb,2,2019
308,308,308,samsung,s10,0,123.9999962,feb,2,2019
309,309,309,samsung,s10,-2.00000003,355,feb,2,2019
310,310,310,samsung,s10,1.000000015,183.9999962,feb,2,2019
311,311,311,samsung,s10,-1.000000015,153.9999962,feb,2,2019
312,312,312,samsung,s10,-2.00000003,161.0000038,feb,2,2019
313,313,313,samsung,s10,-3.000000119,148.9999962,feb,2,2019
314,314,314,samsung,s10,-5,101.0000038,feb,2,2019
315,315,315,samsung,s10,-3.000000119,93.99999619,feb,2,20
337,337,337,samsung,note10,-2.00000003,183.9999962,feb,2,2020
338,338,338,samsung,note10,-1.000000015,312.0000076,feb,2,2020
339,339,339,samsung,note10,0,175,feb,2,2020
340,340,340,samsung,note10,-2.00000003,136.9999981,feb,2,2020
376,376,376,oneplus,one,-2.00000003,197.0000076,feb,2,2016
377,377,377,oneplus,one,-1.000000015,79.00000095,feb,2,2016
439,439,439,oneplus,one,-1.000000015,215,feb,2,2015
440,440,440,oneplus,one,-2.00000003,162.0000076,feb,2,2015
441,441,441,oneplus,one,-1.000000015,128.0000019,feb,2,2015
442,442,442,oneplus,one,-2.00000003,185,feb,2,2015
443,443,443,oneplus,one,0,73.00000191,feb,2,2015
444,444,444,oneplus,one,0,135,feb,2,2015
445,445,445,oneplus,one,-1.000000015,203.9999962,feb,2,2015
446,446,446,oneplus,one,-1.000000015,79.00000095,feb,2,2015
447,447,447,oneplus,one,0,83.00000191,feb,2,2015
448,448,448,oneplus,one,-2.00000003,162.0000076,feb,2,2015
449,449,449,oneplus,one,-4.00000006,253.9999962,feb,2,2015
519,519,519,oneplus,2,-4.00000006,140,feb,2,2017
560,560,560,oneplus,2,-3.000000119,158.9999962,feb,2,2016
561,561,561,oneplus,2,-3.000000119,379.0000153,feb,2,2016
562,562,562,oneplus,2,-3.000000119,355,feb,2,2016
563,563,563,oneplus,2,-2.00000003,261.0000038,feb,2,2016
564,564,564,oneplus,2,-3.000000119,188.9999962,feb,2,2016
565,565,565,oneplus,2,-3.000000119,166.0000038,feb,2,2016
566,566,566,oneplus,2,-4.00000006,126.0000038,feb,2,2016
653,653,653,oneplus,2,-1.000000015,83.00000191,feb,2,2015
663,663,663,oneplus,x,-5,128.0000019,feb,2,2017
701,701,701,oneplus,x,-2.00000003,238.9999962,feb,2,2016
702,702,702,oneplus,x,-2.00000003,86.99999809,feb,2,2016
703,703,703,oneplus,x,0,162.9999924,feb,2,2016
704,704,704,oneplus,x,0,100,feb,2,2016
705,705,705,oneplus,x,-3.000000119,226.0000038,feb,2,2016
706,706,706,oneplus,x,-2.00000003,106.0000038,feb,2,2016
707,707,707,oneplus,x,0,81.99999809,feb,2,2016
775,775,775,oneplus,3,-5,91.00000381,feb,2,2017
776,776,776,oneplus,3,-4.00000006,226.0000038,feb,2,2017
777,777,777,oneplus,3,-4.00000006,156.0000038,feb,2,2017
1003,1003,1003,oneplus,3t,-1.000000015,133.9999962,feb,2,2017
1004,1004,1004,oneplus,3t,0,182.0000076,feb,2,2017
1005,1005,1005,oneplus,3t,-1.000000015,399.0000153,feb,2,2017
1006,1006,1006,oneplus,3t,1.000000015,232.9999924,feb,2,2017
1007,1007,1007,oneplus,3t,-1.000000015,272.9999924,feb,2,2017
1008,1008,1008,oneplus,3t,-2.00000003,55,feb,2,2017
1009,1009,1009,oneplus,3t,-3.000000119,252.0000076,feb,2,2017
1010,1010,1010,oneplus,3t,-3.000000119,240,feb,2,2017
1011,1011,1011,oneplus,3t,-3.000000119,100,feb,2,2017
1212,1212,1212,oneplus,5t,-1.000000015,146.9999981,feb,2,2018
1213,1213,1213,oneplus,5t,-1.000000015,151.9999981,feb,2,2018
1214,1214,1214,oneplus,5t,-2.00000003,163.9999962,feb,2,2018
1215,1215,1215,oneplus,5t,-2.00000003,83.99999619,feb,2,2018
1216,1216,1216,oneplus,5t,-3.000000119,116.0000038,feb,2,2018
1262,1262,1262,oneplus,6,-2.00000003,32.99999952,feb,2,2020
1270,1270,1270,oneplus,6,0,165,feb,2,2019
1378,1378,1378,oneplus,6t,0,133.9999962,feb,2,2019
1379,1379,1379,oneplus,6t,-2.00000003,118.0000019,feb,2,2019
1380,1380,1380,oneplus,6t,-2.00000003,91.99999809,feb,2,2019
1453,1453,1453,oneplus ,7 pro,-4.00000006,128.9999962,feb,2,2020
1509,1509,1509,oneplus,7t,-1.000000015,103.0000019,feb,2,2020
1531,1531,1531,oneplus,7t pro,-4.00000006,138.9999962,feb,2,2020
1616,1616,1616,oneplus,8 pro,-4.00000006,49.00000095,feb,2,2020
1617,1617,1617,oneplus,8 pro,-2.00000003,88.99999619,feb,2,2020
7,7,7,samsung,s9,0,125,jan,1,2020
24,24,24,samsung,s9,-1.000000015,165,jan,1,2019
25,25,25,samsung,s9,-1.000000015,197.9999924,jan,1,2019
26,26,26,samsung,s9,0,182.0000076,jan,1,2019
27,27,27,samsung,s9,0,283.9999962,jan,1,2019
86,86,86,samsung,s9,-1.000000015,98.99999619,jan,1,2018
87,87,87,samsung,s9,-2.00000003,118.0000019,jan,1,2018
258,258,258,samsung,s10,0,280,jan,1,2020
259,259,259,samsung,s10,-1.000000015,240,jan,1,2020
260,260,260,samsung,s10,-2.00000003,118.9999962,jan,1,2020
261,261,261,samsung,s10,-1.000000015,500,jan,1,2020
341,341,341,samsung,note10,-2.00000003,83.00000191,jan,1,2020
342,342,342,samsung,note10,-2.00000003,100,jan,1,2020
343,343,343,samsung,note10,-3.000000119,91.99999809,jan,1,2020
344,344,344,samsung,note10,-2.00000003,126.9999981,jan,1,2020
345,345,345,samsung,note10,-3.000000119,150,jan,1,2020
346,346,346,samsung,note10,-3.000000119,231.0000038,jan,1,2020
347,347,347,samsung,note10,-3.000000119,133.0000019,jan,1,2020
348,348,348,samsung,note10,-2.00000003,145,jan,1,2020
361,361,361,oneplus,one,-2.00000003,118.9999962,jan,1,2017
378,378,378,oneplus,one,-1.000000015,106.9999981,jan,1,2016
379,379,379,oneplus,one,-2.00000003,145,jan,1,2016
450,450,450,oneplus,one,1.000000015,178.9999962,jan,1,2015
451,451,451,oneplus,one,0,162.0000076,jan,1,2015
452,452,452,oneplus,one,0,106.0000038,jan,1,2015
453,453,453,oneplus,one,-1.000000015,167.0000076,jan,1,2015
454,454,454,oneplus,one,0,105,jan,1,2015
455,455,455,oneplus,one,-1.000000015,187.9999924,jan,1,2015
456,456,456,oneplus,one,-2.00000003,103.9999962,jan,1,2015
457,457,457,oneplus,one,-5,123.9999962,jan,1,2015
458,458,458,oneplus,one,0,197.0000076,jan,1,2015
520,520,520,oneplus,2,-2.00000003,161.0000038,jan,1,2017
521,521,521,oneplus,2,-3.000000119,206.0000038,jan,1,2017
522,522,522,oneplus,2,-4.00000006,156.0000038,jan,1,2017
567,567,567,oneplus,2,-2.00000003,66.99999809,jan,1,2016
568,568,568,oneplus,2,-2.00000003,83.99999619,jan,1,2016
569,569,569,oneplus,2,-2.00000003,196.0000038,jan,1,2016
570,570,570,oneplus,2,-3.000000119,185,jan,1,2016
571,571,571,oneplus,2,-2.00000003,140,jan,1,2016
572,572,572,oneplus,2,-1.000000015,153.0000019,jan,1,2016
573,573,573,oneplus,2,0,217.9999924,jan,1,2016
654,654,654,oneplus,2,-4.00000006,106.0000038,jan,1,2015
655,655,655,oneplus,2,-4.00000006,34.00000095,jan,1,2015
708,708,708,oneplus,x,-3.000000119,193.9999962,jan,1,2016
709,709,709,oneplus,x,1.000000015,153.9999962,jan,1,2016
710,710,710,oneplus,x,1.000000015,37.99999952,jan,1,2016
711,711,711,oneplus,x,0,60,jan,1,2016
712,712,712,oneplus,x,1.000000015,146.0000038,jan,1,2016
713,713,713,oneplus,x,-3.000000119,148.9999962,jan,1,2016
714,714,714,oneplus,x,1.000000015,123.9999962,jan,1,2016
715,715,715,oneplus,x,0,70,jan,1,2016
716,716,716,oneplus,x,-2.00000003,101.9999981,jan,1,2016
763,763,763,oneplus,3,1.000000015,178.9999962,jan,1,2018
778,778,778,oneplus,3,-6.000000238,177.0000076,jan,1,2017
779,779,779,oneplus,3,-3.000000119,170,jan,1,2017
780,780,780,oneplus,3,-3.000000119,210,jan,1,2017
781,781,781,oneplus,3,-2.00000003,225,jan,1,2017
782,782,782,oneplus,3,-2.00000003,177.9999924,jan,1,2017
783,783,783,oneplus,3,-1.000000015,311.0000038,jan,1,2017
784,784,784,oneplus,3,-2.00000003,187.9999924,jan,1,2017
785,785,785,oneplus,3,-1.000000015,68.00000191,jan,1,2017
786,786,786,oneplus,3,-1.000000015,103.9999962,jan,1,2017
953,953,953,oneplus,3t,-1.000000015,120,jan,1,2018
954,954,954,oneplus,3t,-1.000000015,161.0000038,jan,1,2018
1012,1012,1012,oneplus,3t,-3.000000119,101.0000038,jan,1,2017
1013,1013,1013,oneplus,3t,1.000000015,186.0000038,jan,1,2017
1014,1014,1014,oneplus,3t,-3.000000119,158.9999962,jan,1,2017
1015,1015,1015,oneplus,3t,-4.00000006,103.0000019,jan,1,2017
1016,1016,1016,oneplus,3t,-3.000000119,197.0000076,jan,1,2017
1017,1017,1017,oneplus,3t,-2.00000003,197.9999924,jan,1,2017
1018,1018,1018,oneplus,3t,0,113.9999962,jan,1,2017
1019,1019,1019,oneplus,3t,-1.000000015,222.9999924,jan,1,2017
1020,1020,1020,oneplus,3t,-3.000000119,186.0000038,jan,1,2017
1021,1021,1021,oneplus,3t,-3.000000119,182.0000076,jan,1,2017
1022,1022,1022,oneplus,3t,0,143.9999962,jan,1,2017
1023,1023,1023,oneplus,3t,0,111.0000038,jan,1,2017
1024,1024,1024,oneplus,3t,0,70.99999905,jan,1,2017
1063,1063,1063,oneplus,5,-2.00000003,121.0000038,jan,1,2018
1064,1064,1064,oneplus,5,-2.00000003,158.9999962,jan,1,2018
1217,1217,1217,oneplus,5t,-3.000000119,105,jan,1,2018
1218,1218,1218,oneplus,5t,0,101.9999981,jan,1,2018
1219,1219,1219,oneplus,5t,-2.00000003,100,jan,1,2018
1220,1220,1220,oneplus,5t,-2.00000003,342.0000076,jan,1,2018
1221,1221,1221,oneplus,5t,0,322.0000076,jan,1,2018
1222,1222,1222,oneplus,5t,-1.000000015,312.9999924,jan,1,2018
1223,1223,1223,oneplus,5t,-3.000000119,133.9999962,jan,1,2018
1224,1224,1224,oneplus,5t,-2.00000003,227.9999924,jan,1,2018
1225,1225,1225,oneplus,5t,0,228.9999962,jan,1,2018
1271,1271,1271,oneplus,6,0,271.0000038,jan,1,2019
1367,1367,1367,oneplus,6t,-1.000000015,111.0000038,jan,1,2020
1381,1381,1381,oneplus,6t,0,91.00000381,jan,1,2019
1382,1382,1382,oneplus,6t,-3.000000119,153.0000019,jan,1,2019
1410,1410,1410,oneplus,7,0,271.0000038,jan,1,2020
1454,1454,1454,oneplus ,7 pro,0,183.9999962,jan,1,2020
1510,1510,1510,oneplus,7t,-1.000000015,256.0000038,jan,1,2020
1532,1532,1532,oneplus,7t pro,-1.000000015,68.00000191,jan,1,2020
1618,1618,1618,oneplus,8 pro,-3.000000119,202.9999924,jan,1,2020
1619,1619,1619,oneplus,8 pro,0,162.0000076,jan,1,2020
